Code,Long code,Experiment code,Compound code,Smiles,Centroid res,Downloaded,ConformerSites upload name,CanonSites upload name,CrystalformSites upload name,Quatassemblies upload name,Crystalforms upload name,ConformerSites short tag,CanonSites short tag,CrystalformSites short tag,Quatassemblies short tag,Crystalforms short tag,ConformerSites alias,CanonSites alias,CrystalformSites alias,Quatassemblies alias,Crystalforms alias,Pose,[Other] upload_1 2024-11-13,[Other] fragment screen,[Other] DENV-3,[Other] Thumb Site 2,[Other] external,[Other] Primer grip,[Other] New,[Other] DENV-2,[Other] Green Site,[Other] Active site,[Other] unconfirmed
3vws-b,3vws_A_1004_v1,3vws,,Cc1oc2ccc(NS(=O)(=O)c3ccc(Cl)cc3)cc2c1C(=O)O,3vws/A/603/A_v1,False,4a - 3vws/A/1003,4 - 3vws/A/1003/1,F2j - 3vws/A/1003/1,A1 - monomer,F2 - C2221,4a - 3vws/A/1003,4 - 3vws/A/1003/1,F2j - 3vws/A/1003/1,A1 - monomer,F2 - C2221,4a - 3vws/A/1003,4 - 3vws/A/1003/1,F2j - 3vws/A/1003/1,A1 - monomer,F2 - C2221,3vws-a,True,False,True,False,False,False,False,False,False,False,False
3vws-a,3vws_A_1003_v1,3vws,,Cc1oc2ccc(NS(=O)(=O)c3ccc(Cl)cc3)cc2c1C(=O)O,3vws/A/603/A_v1,False,4a - 3vws/A/1003,4 - 3vws/A/1003/1,F2j - 3vws/A/1003/1,A1 - monomer,F2 - C2221,4a - 3vws/A/1003,4 - 3vws/A/1003/1,F2j - 3vws/A/1003/1,A1 - monomer,F2 - C2221,4a - 3vws/A/1003,4 - 3vws/A/1003/1,F2j - 3vws/A/1003/1,A1 - monomer,F2 - C2221,3vws-a,True,False,True,False,True,False,False,False,False,False,False
5iq6-a,5iq6_A_1003_v1,5iq6,,O=C(N[C@@H](Cc1ccc(O)cc1)C(=O)O)c1cc(-c2ccccc2)c(=O)n2c1sc1ccc(OC3CCCCC3)cc12,3vws/A/603/A_v1,False,4a - 3vws/A/1003,4 - 3vws/A/1003/1,F2k - 5iq6/A/1003/1,A1 - monomer,F2 - C2221,4a - 3vws/A/1003,4 - 3vws/A/1003/1,F2k - 5iq6/A/1003/1,A1 - monomer,F2 - C2221,4a - 3vws/A/1003,4 - 3vws/A/1003/1,F2k - 5iq6/A/1003/1,A1 - monomer,F2 - C2221,5iq6-a,True,False,True,False,True,False,False,False,False,False,False
6xd0-a,6xd0_A_1008_v1,6xd0,,O=C(Cc1ccccc1Nc1c(Cl)cccc1Cl)NC1(C(=O)O)Cc2ccccc2C1,3vws/A/603/A_v1,False,4a - 3vws/A/1003,4 - 3vws/A/1003/1,F2j - 3vws/A/1003/1,A1 - monomer,F2 - C2221,4a - 3vws/A/1003,4 - 3vws/A/1003/1,F2j - 3vws/A/1003/1,A1 - monomer,F2 - C2221,4a - 3vws/A/1003,4 - 3vws/A/1003/1,F2j - 3vws/A/1003/1,A1 - monomer,F2 - C2221,6xd0-a,True,False,True,False,True,False,False,False,False,False,False
5i3p-a,5i3p_A_1003_v1,5i3p,,COc1cccc(S(=O)(=O)NC(=O)c2cc(-c3ccc(C#CCO)s3)c(OC)cc2OC)c1,5i3p/A/799/A_v1,False,2a - 5i3p/A/1003,2 - 5i3p/A/1003/1,F2d - 5i3p/A/1003/1,A1 - monomer,F2 - C2221,2a - 5i3p/A/1003,2 - 5i3p/A/1003/1,F2d - 5i3p/A/1003/1,A1 - monomer,F2 - C2221,2a - 5i3p/A/1003,2 - 5i3p/A/1003/1,F2d - 5i3p/A/1003/1,A1 - monomer,F2 - C2221,5i3p-a,True,False,True,False,True,False,False,False,False,False,False
5hn0-a,5hn0_A_1003_v1,5hn0,,O=C(O)Cc1ccc(O)c(-c2ccccc2)c1,5i3p/A/799/A_v1,False,2a - 5i3p/A/1003,2 - 5i3p/A/1003/1,F2d - 5i3p/A/1003/1,A1 - monomer,F2 - C2221,2a - 5i3p/A/1003,2 - 5i3p/A/1003/1,F2d - 5i3p/A/1003/1,A1 - monomer,F2 - C2221,2a - 5i3p/A/1003,2 - 5i3p/A/1003/1,F2d - 5i3p/A/1003/1,A1 - monomer,F2 - C2221,5hn0-a,True,False,True,False,True,False,False,False,False,False,False
5f41-a,5f41_A_1003_v1,5f41,,COc1ccc(CC(=O)O)cc1-c1ccsc1,5i3p/A/799/A_v1,False,2a - 5i3p/A/1003,2 - 5i3p/A/1003/1,F2d - 5i3p/A/1003/1,A1 - monomer,F2 - C2221,2a - 5i3p/A/1003,2 - 5i3p/A/1003/1,F2d - 5i3p/A/1003/1,A1 - monomer,F2 - C2221,2a - 5i3p/A/1003,2 - 5i3p/A/1003/1,F2d - 5i3p/A/1003/1,A1 - monomer,F2 - C2221,5f41-a,True,False,True,False,True,False,False,False,False,False,False
6h80-a,6h80_A_1001_v1,6h80,,COc1ccc(CC(=O)O)cc1-c1cccs1,5i3p/A/799/A_v1,False,2a - 5i3p/A/1003,2 - 5i3p/A/1003/1,F2e - 6h80/A/1001/1,A1 - monomer,F2 - C2221,2a - 5i3p/A/1003,2 - 5i3p/A/1003/1,F2e - 6h80/A/1001/1,A1 - monomer,F2 - C2221,2a - 5i3p/A/1003,2 - 5i3p/A/1003/1,F2e - 6h80/A/1001/1,A1 - monomer,F2 - C2221,6h80-a,True,False,True,False,True,False,False,False,False,False,False
5hmy-a,5hmy_A_1003_v1,5hmy,,O=C(O)Cc1cc(CC(=O)O)cc(-c2ccc(C#CCO)s2)c1,5i3p/A/799/A_v1,False,2a - 5i3p/A/1003,2 - 5i3p/A/1003/1,F2d - 5i3p/A/1003/1,A1 - monomer,F2 - C2221,2a - 5i3p/A/1003,2 - 5i3p/A/1003/1,F2d - 5i3p/A/1003/1,A1 - monomer,F2 - C2221,2a - 5i3p/A/1003,2 - 5i3p/A/1003/1,F2d - 5i3p/A/1003/1,A1 - monomer,F2 - C2221,5hmy-a,True,False,True,False,True,False,False,False,False,False,False
5i3q-a,5i3q_A_1003_v1,5i3q,,COc1cc(C)c(C(=O)NS(=O)(=O)c2cccc3cccnc23)cc1-c1ccc(C#CCO)s1,5i3p/A/799/A_v1,False,2a - 5i3p/A/1003,2 - 5i3p/A/1003/1,F2d - 5i3p/A/1003/1,A1 - monomer,F2 - C2221,2a - 5i3p/A/1003,2 - 5i3p/A/1003/1,F2d - 5i3p/A/1003/1,A1 - monomer,F2 - C2221,2a - 5i3p/A/1003,2 - 5i3p/A/1003/1,F2d - 5i3p/A/1003/1,A1 - monomer,F2 - C2221,5i3q-a,True,False,True,False,True,False,False,False,False,False,False
5hmx-b,5hmx_A_1003_v1,5hmx,,O=C(O)Cc1cc(CC(=O)O)cc(-c2cccs2)c1,5i3p/A/799/A_v1,False,2a - 5i3p/A/1003,2 - 5i3p/A/1003/1,F2d - 5i3p/A/1003/1,A1 - monomer,F2 - C2221,2a - 5i3p/A/1003,2 - 5i3p/A/1003/1,F2d - 5i3p/A/1003/1,A1 - monomer,F2 - C2221,2a - 5i3p/A/1003,2 - 5i3p/A/1003/1,F2d - 5i3p/A/1003/1,A1 - monomer,F2 - C2221,5hmx-b,True,False,True,False,True,False,False,False,False,False,False
5hmz-a,5hmz_A_1003_v1,5hmz,,COc1cc(C)c(C(=O)NS(C)(=O)=O)cc1-c1ccc(C#CCO)s1,5i3p/A/799/A_v1,False,2a - 5i3p/A/1003,2 - 5i3p/A/1003/1,F2d - 5i3p/A/1003/1,A1 - monomer,F2 - C2221,2a - 5i3p/A/1003,2 - 5i3p/A/1003/1,F2d - 5i3p/A/1003/1,A1 - monomer,F2 - C2221,2a - 5i3p/A/1003,2 - 5i3p/A/1003/1,F2d - 5i3p/A/1003/1,A1 - monomer,F2 - C2221,5hmz-a,True,False,True,False,True,False,False,False,False,False,False
5hmw-b,5hmw_A_1003_v1,5hmw,,O=C(O)Cc1cc(CC(=O)O)cc(-c2ccccc2)c1,5i3p/A/799/A_v1,False,2a - 5i3p/A/1003,2 - 5i3p/A/1003/1,F2d - 5i3p/A/1003/1,A1 - monomer,F2 - C2221,2a - 5i3p/A/1003,2 - 5i3p/A/1003/1,F2d - 5i3p/A/1003/1,A1 - monomer,F2 - C2221,2a - 5i3p/A/1003,2 - 5i3p/A/1003/1,F2d - 5i3p/A/1003/1,A1 - monomer,F2 - C2221,5hmw-b,True,False,True,False,True,False,False,False,False,False,False
5f3z-a,5f3z_A_1003_v1,5f3z,,COc1ccc(CC(=O)O)cc1-c1cccs1,5i3p/A/799/A_v1,False,2a - 5i3p/A/1003,2 - 5i3p/A/1003/1,F2d - 5i3p/A/1003/1,A1 - monomer,F2 - C2221,2a - 5i3p/A/1003,2 - 5i3p/A/1003/1,F2d - 5i3p/A/1003/1,A1 - monomer,F2 - C2221,2a - 5i3p/A/1003,2 - 5i3p/A/1003/1,F2d - 5i3p/A/1003/1,A1 - monomer,F2 - C2221,5f3z-a,True,False,True,False,True,False,False,False,False,False,False
6h9r-a,6h9r_A_1001_v1,6h9r,,COc1ccc(CC(=O)O)cc1-c1cccs1,5i3p/A/799/A_v1,False,2a - 5i3p/A/1003,2 - 5i3p/A/1003/1,F2e - 6h80/A/1001/1,A1 - monomer,F2 - C2221,2a - 5i3p/A/1003,2 - 5i3p/A/1003/1,F2e - 6h80/A/1001/1,A1 - monomer,F2 - C2221,2a - 5i3p/A/1003,2 - 5i3p/A/1003/1,F2e - 6h80/A/1001/1,A1 - monomer,F2 - C2221,6h9r-a,True,False,True,False,True,False,False,False,False,False,False
5f3t-a,5f3t_A_1003_v1,5f3t,,COc1ccc(CC(=O)O)cc1-c1ccccc1,5i3p/A/799/A_v1,False,2a - 5i3p/A/1003,2 - 5i3p/A/1003/1,F2d - 5i3p/A/1003/1,A1 - monomer,F2 - C2221,2a - 5i3p/A/1003,2 - 5i3p/A/1003/1,F2d - 5i3p/A/1003/1,A1 - monomer,F2 - C2221,2a - 5i3p/A/1003,2 - 5i3p/A/1003/1,F2d - 5i3p/A/1003/1,A1 - monomer,F2 - C2221,5f3t-a,True,False,True,False,True,False,False,False,False,False,False
d1037a,DNV2_NS5A-x1037_A_1701_v1,DNV2_NS5A-x1037,Z3241250482,O=S1(=O)CC(O)C1,6izz/A/780/A_v1,False,6a - 6izz/A/903,6 - 6izz/A/903/1,F1p - DNV2_NS5A-x1037/A/1701/1,A1 - monomer,F1 - I222,6a - 6izz/A/903,6 - 6izz/A/903/1,F1p - e1037/A/1701,A1 - monomer,F1 - I222,6a - 6izz/A/903,6 - 6izz/A/903/1,F1p - e1037/A/1701,A1 - monomer,F1 - I222,d1037a,True,True,False,False,False,False,False,True,False,False,False
6izx-b,6izx_A_913_v1,6izx,,CC(=O)Oc1ccc2oc(=O)sc2c1,6izz/A/780/A_v1,False,6a - 6izz/A/903,6 - 6izz/A/903/1,F3m - 6izx/A/913/1,A1 - monomer,F3 - I432,6a - 6izz/A/903,6 - 6izz/A/903/1,F3m - 6izx/A/913/1,A1 - monomer,F3 - I432,6a - 6izz/A/903,6 - 6izz/A/903/1,F3m - 6izx/A/913/1,A1 - monomer,F3 - I432,6izx-b,True,False,False,False,True,False,False,True,False,False,False
6izz-a,6izz_A_903_v1,6izz,,CC(=O)Oc1ccc2oc(=O)sc2c1,6izz/A/780/A_v1,False,6a - 6izz/A/903,6 - 6izz/A/903/1,F2n - 6izz/A/903/1,A1 - monomer,F2 - C2221,6a - 6izz/A/903,6 - 6izz/A/903/1,F2n - 6izz/A/903/1,A1 - monomer,F2 - C2221,6a - 6izz/A/903,6 - 6izz/A/903/1,F2n - 6izz/A/903/1,A1 - monomer,F2 - C2221,6izz-a,True,False,True,False,True,False,False,False,False,False,False
6xd1-a,6xd1_A_1003_v1,6xd1,,CCCCN(Cc1ccc(-c2ccccc2-c2nnn[nH]2)cc1)C(=O)N1CCN(C(=O)C(C)(c2ccccc2)c2ccccc2)[C@@H](C(=O)O)C1,6xd1/A/474/A_v1,False,15a - 6xd1/A/1003,15 - 6xd1/A/1003/1,F2x - 6xd1/A/1003/1,A1 - monomer,F2 - C2221,15a - 6xd1/A/1003,15 - 6xd1/A/1003/1,F2x - 6xd1/A/1003/1,A1 - monomer,F2 - C2221,15a - 6xd1/A/1003,15 - 6xd1/A/1003/1,F2x - 6xd1/A/1003/1,A1 - monomer,F2 - C2221,6xd1-a,True,False,True,False,True,False,False,False,False,False,False
d0135a,DNV2_NS5A-x0135_A_1608_v1,DNV2_NS5A-x0135,Z438067480,CCC(=O)NCc1nnc2n1CCCC2,DNV2_NS5A-x0135/A/871/A_v1,False,8a - DNV2_NS5A-x0135/A/1608,8 - DNV2_NS5A-x0135/A/1608/1,F1q - DNV2_NS5A-x0135/A/1608/1,A1 - monomer,F1 - I222,8a - d0135/A/1608,8 - d0135/A/1608/1,F1q - d0135/A/1608,A1 - monomer,F1 - I222,8a - d0135/A/1608,8 - d0135/A/1608/1,F1q - d0135/A/1608,A1 - monomer,F1 - I222,d0135a,True,True,False,False,False,False,False,True,False,False,True
d0829a,DNV2_NS5A-x0829_A_1701_v1,DNV2_NS5A-x0829,Z383325512,CC(=O)NCc1cn[nH]c1,DNV2_NS5A-x0135/A/871/A_v1,False,8a - DNV2_NS5A-x0135/A/1608,8 - DNV2_NS5A-x0135/A/1608/1,F1q - DNV2_NS5A-x0135/A/1608/1,A1 - monomer,F1 - I222,8a - d0135/A/1608,8 - d0135/A/1608/1,F1q - d0135/A/1608,A1 - monomer,F1 - I222,8a - d0135/A/1608,8 - d0135/A/1608/1,F1q - d0135/A/1608,A1 - monomer,F1 - I222,d0829a,True,True,False,False,False,False,False,True,False,False,True
d0160c,DNV2_NS5A-x0160_A_1701_v1,DNV2_NS5A-x0160,Z4628744292,Cc1cn[nH]c1-c1ccncc1,DNV2_NS5A-x0160/A/398/A_v1,False,16a - DNV2_NS5A-x0160/A/1701,16 - DNV2_NS5A-x0160/A/1701/1,F1y - DNV2_NS5A-x0160/A/1701/1,A1 - monomer,F1 - I222,16a - d0160/A/1701,16 - d0160/A/1701/1,F1y - d0160/A/1701,A1 - monomer,F1 - I222,16a - d0160/A/1701,16 - d0160/A/1701/1,F1y - d0160/A/1701,A1 - monomer,F1 - I222,d0160c,True,True,False,False,False,False,False,True,False,False,True
d0172a,DNV2_NS5A-x0172_A_1701_v1,DNV2_NS5A-x0172,Z53825479,CS(=O)(=O)NC1CCCC1,DNV2_NS5A-x0172/A/486/A_v1,False,5a - DNV2_NS5A-x0172/A/1701,5 - DNV2_NS5A-x0172/A/1701/1,F1l - DNV2_NS5A-x0172/A/1701/1,A1 - monomer,F1 - I222,5a - d0172/A/1701,5 - d0172/A/1701/1,F1l - d0172/A/1701,A1 - monomer,F1 - I222,5a - d0172/A/1701,5 - d0172/A/1701/1,F1l - d0172/A/1701,A1 - monomer,F1 - I222,d0172a,True,True,False,False,False,False,False,True,True,False,False
d0378a,DNV2_NS5A-x0378_A_1707_v1,DNV2_NS5A-x0378,Z1079168976,N#CCc1nccn1CC(F)(F)F,DNV2_NS5A-x0172/A/486/A_v1,False,5a - DNV2_NS5A-x0172/A/1701,5 - DNV2_NS5A-x0172/A/1701/1,F1l - DNV2_NS5A-x0172/A/1701/1,A1 - monomer,F1 - I222,5a - d0172/A/1701,5 - d0172/A/1701/1,F1l - d0172/A/1701,A1 - monomer,F1 - I222,5a - d0172/A/1701,5 - d0172/A/1701/1,F1l - d0172/A/1701,A1 - monomer,F1 - I222,d0378a,True,True,False,False,False,False,False,True,True,False,False
d0472b,DNV2_NS5A-x0472_A_2201_v1,DNV2_NS5A-x0472,Z1262628644,Nc1cccnc1-n1cccc1,DNV2_NS5A-x0172/A/486/A_v1,False,5a - DNV2_NS5A-x0172/A/1701,5 - DNV2_NS5A-x0172/A/1701/1,F1l - DNV2_NS5A-x0172/A/1701/1,A1 - monomer,F1 - I222,5a - d0172/A/1701,5 - d0172/A/1701/1,F1l - d0172/A/1701,A1 - monomer,F1 - I222,5a - d0172/A/1701,5 - d0172/A/1701/1,F1l - d0172/A/1701,A1 - monomer,F1 - I222,d0472b,True,True,False,False,False,False,False,True,True,False,False
d0741a,DNV2_NS5A-x0741_A_1608_v1,DNV2_NS5A-x0741,Z291279160,NC(=S)Nc1ccccc1OC(F)(F)F,DNV2_NS5A-x0172/A/486/A_v1,False,5a - DNV2_NS5A-x0172/A/1701,5 - DNV2_NS5A-x0172/A/1701/1,F1l - DNV2_NS5A-x0172/A/1701/1,A1 - monomer,F1 - I222,5a - d0172/A/1701,5 - d0172/A/1701/1,F1l - d0172/A/1701,A1 - monomer,F1 - I222,5a - d0172/A/1701,5 - d0172/A/1701/1,F1l - d0172/A/1701,A1 - monomer,F1 - I222,d0741a,True,True,False,False,False,False,False,True,True,False,False
d0210b,DNV2_NS5A-x0210_A_1608_v1,DNV2_NS5A-x0210,Z56953052,O=S(=O)(c1ccc(F)cc1)N1CCNCC1,DNV2_NS5A-x0210/A/750/A_v1,False,7a - DNV2_NS5A-x0210/A/1608,7 - DNV2_NS5A-x0210/A/1608/1,F1o - DNV2_NS5A-x0210/A/1608/1,A1 - monomer,F1 - I222,7a - d0210/A/1608,7 - d0210/A/1608/1,F1o - d0210/A/1608,A1 - monomer,F1 - I222,7a - d0210/A/1608,7 - d0210/A/1608/1,F1o - d0210/A/1608,A1 - monomer,F1 - I222,d0210b,True,True,False,False,False,False,False,True,False,False,True
d0379b,DNV2_NS5A-x0379_A_2102_v1,DNV2_NS5A-x0379,Z1079512010,Cc1cc(Cn2nc(C)ccc2=O)on1,DNV2_NS5A-x0210/A/750/A_v1,False,7a - DNV2_NS5A-x0210/A/1608,7 - DNV2_NS5A-x0210/A/1608/1,F1o - DNV2_NS5A-x0210/A/1608/1,A1 - monomer,F1 - I222,7a - d0210/A/1608,7 - d0210/A/1608/1,F1o - d0210/A/1608,A1 - monomer,F1 - I222,7a - d0210/A/1608,7 - d0210/A/1608/1,F1o - d0210/A/1608,A1 - monomer,F1 - I222,d0379b,True,True,False,False,False,False,False,True,False,False,True
d0571a,DNV2_NS5A-x0571_A_1801_v1,DNV2_NS5A-x0571,Z1685106505,Cn1ccnc1-c1noc(C2CCC2)n1,DNV2_NS5A-x0210/A/750/A_v1,False,7a - DNV2_NS5A-x0210/A/1608,7 - DNV2_NS5A-x0210/A/1608/1,F1o - DNV2_NS5A-x0210/A/1608/1,A1 - monomer,F1 - I222,7a - d0210/A/1608,7 - d0210/A/1608/1,F1o - d0210/A/1608,A1 - monomer,F1 - I222,7a - d0210/A/1608,7 - d0210/A/1608/1,F1o - d0210/A/1608,A1 - monomer,F1 - I222,d0571a,True,True,False,False,False,False,False,True,False,False,True
d0153b,DNV2_NS5A-x0153_A_1801_v1,DNV2_NS5A-x0153,Z45527714,CNS(=O)(=O)c1ccccc1Cl,DNV2_NS5A-x0249/A/851/A_v1,False,1a - DNV2_NS5A-x0249/A/1707,1 - DNV2_NS5A-x0249/A/1707/1,F1c - DNV2_NS5A-x0153/A/1801/1,A1 - monomer,F1 - I222,1a - d0249/A/1707,1 - d0249/A/1707/1,F1c - d0153/A/1801,A1 - monomer,F1 - I222,1a - d0249/A/1707,1 - d0249/A/1707/1,F1c - d0153/A/1801,A1 - monomer,F1 - I222,d0153a,True,True,False,False,False,False,False,True,False,False,True
d0153a,DNV2_NS5A-x0153_A_1707_v1,DNV2_NS5A-x0153,Z45527714,CNS(=O)(=O)c1ccccc1Cl,DNV2_NS5A-x0249/A/851/A_v1,False,1a - DNV2_NS5A-x0249/A/1707,1 - DNV2_NS5A-x0249/A/1707/1,F1b - DNV2_NS5A-x0153/A/1707/1,A1 - monomer,F1 - I222,1a - d0249/A/1707,1 - d0249/A/1707/1,F1b - d0153/A/1707,A1 - monomer,F1 - I222,1a - d0249/A/1707,1 - d0249/A/1707/1,F1b - d0153/A/1707,A1 - monomer,F1 - I222,d0153a,True,True,False,False,False,False,False,True,False,False,True
d0162a,DNV2_NS5A-x0162_A_1707_v1,DNV2_NS5A-x0162,Z48847594,CC(=O)Nc1ccc(-c2csc(N)n2)cc1,DNV2_NS5A-x0249/A/851/A_v1,False,1a - DNV2_NS5A-x0249/A/1707,1 - DNV2_NS5A-x0249/A/1707/1,F1c - DNV2_NS5A-x0153/A/1801/1,A1 - monomer,F1 - I222,1a - d0249/A/1707,1 - d0249/A/1707/1,F1c - d0153/A/1801,A1 - monomer,F1 - I222,1a - d0249/A/1707,1 - d0249/A/1707/1,F1c - d0153/A/1801,A1 - monomer,F1 - I222,d0162a,True,True,False,False,False,False,False,True,False,False,True
d0174a,DNV2_NS5A-x0174_A_1608_v1,DNV2_NS5A-x0174,Z53860899,CCS(=O)(=O)NCc1ccc2c(c1)OCO2,DNV2_NS5A-x0249/A/851/A_v1,False,1a - DNV2_NS5A-x0249/A/1707,1 - DNV2_NS5A-x0249/A/1707/1,F1b - DNV2_NS5A-x0153/A/1707/1,A1 - monomer,F1 - I222,1a - d0249/A/1707,1 - d0249/A/1707/1,F1b - d0153/A/1707,A1 - monomer,F1 - I222,1a - d0249/A/1707,1 - d0249/A/1707/1,F1b - d0153/A/1707,A1 - monomer,F1 - I222,d0174a,True,True,False,True,False,False,False,True,False,False,False
d0176a,DNV2_NS5A-x0176_A_1701_v1,DNV2_NS5A-x0176,Z54226095,O=C(c1c(F)cccc1F)N1CCCCCC1,DNV2_NS5A-x0249/A/851/A_v1,False,1a - DNV2_NS5A-x0249/A/1707,1 - DNV2_NS5A-x0249/A/1707/1,F1c - DNV2_NS5A-x0153/A/1801/1,A1 - monomer,F1 - I222,1a - d0249/A/1707,1 - d0249/A/1707/1,F1c - d0153/A/1801,A1 - monomer,F1 - I222,1a - d0249/A/1707,1 - d0249/A/1707/1,F1c - d0153/A/1801,A1 - monomer,F1 - I222,d0176a,True,True,False,True,False,False,False,True,False,False,False
d0210a,DNV2_NS5A-x0210_A_1701_v1,DNV2_NS5A-x0210,Z56953052,O=S(=O)(c1ccc(F)cc1)N1CCNCC1,DNV2_NS5A-x0249/A/851/A_v1,False,1a - DNV2_NS5A-x0249/A/1707,1 - DNV2_NS5A-x0249/A/1707/1,F1b - DNV2_NS5A-x0153/A/1707/1,A1 - monomer,F1 - I222,1a - d0249/A/1707,1 - d0249/A/1707/1,F1b - d0153/A/1707,A1 - monomer,F1 - I222,1a - d0249/A/1707,1 - d0249/A/1707/1,F1b - d0153/A/1707,A1 - monomer,F1 - I222,d0210a,True,True,False,False,False,False,False,True,False,False,True
d0248a,DNV2_NS5A-x0248_A_1608_v1,DNV2_NS5A-x0248,Z68299550,CC(C)(CO)NC(=O)c1cccc(Cl)c1,DNV2_NS5A-x0249/A/851/A_v1,False,1a - DNV2_NS5A-x0249/A/1707,1 - DNV2_NS5A-x0249/A/1707/1,F1b - DNV2_NS5A-x0153/A/1707/1,A1 - monomer,F1 - I222,1a - d0249/A/1707,1 - d0249/A/1707/1,F1b - d0153/A/1707,A1 - monomer,F1 - I222,1a - d0249/A/1707,1 - d0249/A/1707/1,F1b - d0153/A/1707,A1 - monomer,F1 - I222,d0248a,True,True,False,True,False,False,False,True,False,False,False
d0249a,DNV2_NS5A-x0249_A_1707_v1,DNV2_NS5A-x0249,Z68404778,CC(=O)Nc1ccc(Nc2ccccc2)cc1,DNV2_NS5A-x0249/A/851/A_v1,False,1a - DNV2_NS5A-x0249/A/1707,1 - DNV2_NS5A-x0249/A/1707/1,F1c - DNV2_NS5A-x0153/A/1801/1,A1 - monomer,F1 - I222,1a - d0249/A/1707,1 - d0249/A/1707/1,F1c - d0153/A/1801,A1 - monomer,F1 - I222,1a - d0249/A/1707,1 - d0249/A/1707/1,F1c - d0153/A/1801,A1 - monomer,F1 - I222,d0249a,True,True,False,True,False,False,False,True,False,False,False
d0253a,DNV2_NS5A-x0253_A_1707_v1,DNV2_NS5A-x0253,Z71308235,Cc1nn(C)c(C)c1NS(=O)(=O)c1cccc(F)c1,DNV2_NS5A-x0249/A/851/A_v1,False,1a - DNV2_NS5A-x0249/A/1707,1 - DNV2_NS5A-x0249/A/1707/1,F1c - DNV2_NS5A-x0153/A/1801/1,A1 - monomer,F1 - I222,1a - d0249/A/1707,1 - d0249/A/1707/1,F1c - d0153/A/1801,A1 - monomer,F1 - I222,1a - d0249/A/1707,1 - d0249/A/1707/1,F1c - d0153/A/1801,A1 - monomer,F1 - I222,d0253a,True,True,False,True,False,False,False,True,False,False,False
d0258a,DNV2_NS5A-x0258_A_1707_v1,DNV2_NS5A-x0258,Z729352906,O=S1(=O)CCCN1Cc1cccc(F)c1,DNV2_NS5A-x0249/A/851/A_v1,False,1a - DNV2_NS5A-x0249/A/1707,1 - DNV2_NS5A-x0249/A/1707/1,F1c - DNV2_NS5A-x0153/A/1801/1,A1 - monomer,F1 - I222,1a - d0249/A/1707,1 - d0249/A/1707/1,F1c - d0153/A/1801,A1 - monomer,F1 - I222,1a - d0249/A/1707,1 - d0249/A/1707/1,F1c - d0153/A/1801,A1 - monomer,F1 - I222,d0258a,True,True,False,True,False,False,False,True,False,False,False
d0279a,DNV2_NS5A-x0279_A_1608_v1,DNV2_NS5A-x0279,Z802824098,Fc1ccc(NC2CCOCC2)nc1,DNV2_NS5A-x0249/A/851/A_v1,False,1a - DNV2_NS5A-x0249/A/1707,1 - DNV2_NS5A-x0249/A/1707/1,F1c - DNV2_NS5A-x0153/A/1801/1,A1 - monomer,F1 - I222,1a - d0249/A/1707,1 - d0249/A/1707/1,F1c - d0153/A/1801,A1 - monomer,F1 - I222,1a - d0249/A/1707,1 - d0249/A/1707/1,F1c - d0153/A/1801,A1 - monomer,F1 - I222,d0279a,True,True,False,True,False,False,False,True,False,False,True
d0283a,DNV2_NS5A-x0283_A_1608_v1,DNV2_NS5A-x0283,Z818928496,CNS(=O)(=O)CC1CCCCC1,DNV2_NS5A-x0249/A/851/A_v1,False,1a - DNV2_NS5A-x0249/A/1707,1 - DNV2_NS5A-x0249/A/1707/1,F1b - DNV2_NS5A-x0153/A/1707/1,A1 - monomer,F1 - I222,1a - d0249/A/1707,1 - d0249/A/1707/1,F1b - d0153/A/1707,A1 - monomer,F1 - I222,1a - d0249/A/1707,1 - d0249/A/1707/1,F1b - d0153/A/1707,A1 - monomer,F1 - I222,d0283a,True,True,False,True,False,False,False,True,False,False,False
d0376a,DNV2_NS5A-x0376_A_1608_v1,DNV2_NS5A-x0376,Z106579662,CC(C)N1CCN(C(=O)c2cccs2)CC1,DNV2_NS5A-x0249/A/851/A_v1,False,1a - DNV2_NS5A-x0249/A/1707,1 - DNV2_NS5A-x0249/A/1707/1,F1c - DNV2_NS5A-x0153/A/1801/1,A1 - monomer,F1 - I222,1a - d0249/A/1707,1 - d0249/A/1707/1,F1c - d0153/A/1801,A1 - monomer,F1 - I222,1a - d0249/A/1707,1 - d0249/A/1707/1,F1c - d0153/A/1801,A1 - monomer,F1 - I222,d0376a,True,True,False,True,False,False,False,True,False,False,True
d0379a,DNV2_NS5A-x0379_A_2101_v1,DNV2_NS5A-x0379,Z1079512010,Cc1cc(Cn2nc(C)ccc2=O)on1,DNV2_NS5A-x0249/A/851/A_v1,False,1a - DNV2_NS5A-x0249/A/1707,1 - DNV2_NS5A-x0249/A/1707/1,F1b - DNV2_NS5A-x0153/A/1707/1,A1 - monomer,F1 - I222,1a - d0249/A/1707,1 - d0249/A/1707/1,F1b - d0153/A/1707,A1 - monomer,F1 - I222,1a - d0249/A/1707,1 - d0249/A/1707/1,F1b - d0153/A/1707,A1 - monomer,F1 - I222,d0379a,True,True,False,True,False,False,False,True,False,False,True
d0414a,DNV2_NS5A-x0414_A_1701_v1,DNV2_NS5A-x0414,Z1198279205,Fc1cn[nH]c1,DNV2_NS5A-x0249/A/851/A_v1,False,1a - DNV2_NS5A-x0249/A/1707,1 - DNV2_NS5A-x0249/A/1707/1,F1b - DNV2_NS5A-x0153/A/1707/1,A1 - monomer,F1 - I222,1a - d0249/A/1707,1 - d0249/A/1707/1,F1b - d0153/A/1707,A1 - monomer,F1 - I222,1a - d0249/A/1707,1 - d0249/A/1707/1,F1b - d0153/A/1707,A1 - monomer,F1 - I222,d0414a,True,True,False,True,False,False,False,True,False,False,False
d0503a,DNV2_NS5A-x0503_A_2101_v1,DNV2_NS5A-x0503,Z1343518214,COC1CN(S(=O)(=O)N2CCCC2)C1,DNV2_NS5A-x0249/A/851/A_v1,False,1a - DNV2_NS5A-x0249/A/1707,1 - DNV2_NS5A-x0249/A/1707/1,F1c - DNV2_NS5A-x0153/A/1801/1,A1 - monomer,F1 - I222,1a - d0249/A/1707,1 - d0249/A/1707/1,F1c - d0153/A/1801,A1 - monomer,F1 - I222,1a - d0249/A/1707,1 - d0249/A/1707/1,F1c - d0153/A/1801,A1 - monomer,F1 - I222,d0503a,True,True,False,True,False,False,False,True,False,False,False
d0566a,DNV2_NS5A-x0566_A_1707_v1,DNV2_NS5A-x0566,Z1627772104,Cc1cccc(O[C@@H]2CCN(C)C2=O)c1F,DNV2_NS5A-x0249/A/851/A_v1,False,1a - DNV2_NS5A-x0249/A/1707,1 - DNV2_NS5A-x0249/A/1707/1,F1c - DNV2_NS5A-x0153/A/1801/1,A1 - monomer,F1 - I222,1a - d0249/A/1707,1 - d0249/A/1707/1,F1c - d0153/A/1801,A1 - monomer,F1 - I222,1a - d0249/A/1707,1 - d0249/A/1707/1,F1c - d0153/A/1801,A1 - monomer,F1 - I222,d0566a,True,True,False,True,False,False,False,True,False,False,False
d0567a,DNV2_NS5A-x0567_A_1707_v1,DNV2_NS5A-x0567,Z1639162606,CNS(=O)(=O)c1cccc(C)c1F,DNV2_NS5A-x0249/A/851/A_v1,False,1a - DNV2_NS5A-x0249/A/1707,1 - DNV2_NS5A-x0249/A/1707/1,F1c - DNV2_NS5A-x0153/A/1801/1,A1 - monomer,F1 - I222,1a - d0249/A/1707,1 - d0249/A/1707/1,F1c - d0153/A/1801,A1 - monomer,F1 - I222,1a - d0249/A/1707,1 - d0249/A/1707/1,F1c - d0153/A/1801,A1 - monomer,F1 - I222,d0567a,True,True,False,True,False,False,False,True,False,False,False
d0587a,DNV2_NS5A-x0587_A_1801_v1,DNV2_NS5A-x0587,Z1787627869,CN(C[C@H]1CCOC1)c1ncncc1Cl,DNV2_NS5A-x0249/A/851/A_v1,False,1a - DNV2_NS5A-x0249/A/1707,1 - DNV2_NS5A-x0249/A/1707/1,F1c - DNV2_NS5A-x0153/A/1801/1,A1 - monomer,F1 - I222,1a - d0249/A/1707,1 - d0249/A/1707/1,F1c - d0153/A/1801,A1 - monomer,F1 - I222,1a - d0249/A/1707,1 - d0249/A/1707/1,F1c - d0153/A/1801,A1 - monomer,F1 - I222,d0587a,True,True,False,True,False,False,False,True,False,False,False
d0615a,DNV2_NS5A-x0615_A_1608_v1,DNV2_NS5A-x0615,Z1983897532,Cc1ncc(CNc2cncc(F)c2)s1,DNV2_NS5A-x0249/A/851/A_v1,False,1a - DNV2_NS5A-x0249/A/1707,1 - DNV2_NS5A-x0249/A/1707/1,F1c - DNV2_NS5A-x0153/A/1801/1,A1 - monomer,F1 - I222,1a - d0249/A/1707,1 - d0249/A/1707/1,F1c - d0153/A/1801,A1 - monomer,F1 - I222,1a - d0249/A/1707,1 - d0249/A/1707/1,F1c - d0153/A/1801,A1 - monomer,F1 - I222,d0615a,True,True,False,True,False,False,False,True,False,False,False
d0644a,DNV2_NS5A-x0644_A_1707_v1,DNV2_NS5A-x0644,Z221421630,COc1ccc(C(=O)C2CCNCC2)cc1,DNV2_NS5A-x0249/A/851/A_v1,False,1a - DNV2_NS5A-x0249/A/1707,1 - DNV2_NS5A-x0249/A/1707/1,F1c - DNV2_NS5A-x0153/A/1801/1,A1 - monomer,F1 - I222,1a - d0249/A/1707,1 - d0249/A/1707/1,F1c - d0153/A/1801,A1 - monomer,F1 - I222,1a - d0249/A/1707,1 - d0249/A/1707/1,F1c - d0153/A/1801,A1 - monomer,F1 - I222,d0644a,True,True,False,True,False,False,False,True,False,False,False
d0693a,DNV2_NS5A-x0693_A_1707_v1,DNV2_NS5A-x0693,Z26333434,N#Cc1ccc(Cn2cnc3ccccc32)cc1,DNV2_NS5A-x0249/A/851/A_v1,False,1a - DNV2_NS5A-x0249/A/1707,1 - DNV2_NS5A-x0249/A/1707/1,F1c - DNV2_NS5A-x0153/A/1801/1,A1 - monomer,F1 - I222,1a - d0249/A/1707,1 - d0249/A/1707/1,F1c - d0153/A/1801,A1 - monomer,F1 - I222,1a - d0249/A/1707,1 - d0249/A/1707/1,F1c - d0153/A/1801,A1 - monomer,F1 - I222,d0693a,True,True,False,True,False,False,False,True,False,False,False
d0749a,DNV2_NS5A-x0749_A_1608_v1,DNV2_NS5A-x0749,Z300245038,CN(Cc1cccc(F)c1)S(N)(=O)=O,DNV2_NS5A-x0249/A/851/A_v1,False,1a - DNV2_NS5A-x0249/A/1707,1 - DNV2_NS5A-x0249/A/1707/1,F1c - DNV2_NS5A-x0153/A/1801/1,A1 - monomer,F1 - I222,1a - d0249/A/1707,1 - d0249/A/1707/1,F1c - d0153/A/1801,A1 - monomer,F1 - I222,1a - d0249/A/1707,1 - d0249/A/1707/1,F1c - d0153/A/1801,A1 - monomer,F1 - I222,d0749a,True,True,False,True,False,False,False,True,False,False,True
d0759a,DNV2_NS5A-x0759_A_2101_v1,DNV2_NS5A-x0759,Z31432226,O=C(c1ccc2c(c1)OCO2)N1CCCCCC1,DNV2_NS5A-x0249/A/851/A_v1,False,1a - DNV2_NS5A-x0249/A/1707,1 - DNV2_NS5A-x0249/A/1707/1,F1b - DNV2_NS5A-x0153/A/1707/1,A1 - monomer,F1 - I222,1a - d0249/A/1707,1 - d0249/A/1707/1,F1b - d0153/A/1707,A1 - monomer,F1 - I222,1a - d0249/A/1707,1 - d0249/A/1707/1,F1b - d0153/A/1707,A1 - monomer,F1 - I222,d0759a,True,True,False,True,False,False,False,True,False,False,True
d0771a,DNV2_NS5A-x0771_A_1701_v1,DNV2_NS5A-x0771,Z31721798,O=C(CCC1CCCCC1)N1CCOCC1,DNV2_NS5A-x0249/A/851/A_v1,False,1a - DNV2_NS5A-x0249/A/1707,1 - DNV2_NS5A-x0249/A/1707/1,F1c - DNV2_NS5A-x0153/A/1801/1,A1 - monomer,F1 - I222,1a - d0249/A/1707,1 - d0249/A/1707/1,F1c - d0153/A/1801,A1 - monomer,F1 - I222,1a - d0249/A/1707,1 - d0249/A/1707/1,F1c - d0153/A/1801,A1 - monomer,F1 - I222,d0771a,True,True,False,True,False,False,False,True,False,False,True
d0781a,DNV2_NS5A-x0781_A_2101_v1,DNV2_NS5A-x0781,Z32327641,O=C(c1ccco1)N1CCN(C(=O)C2CC2)CC1,DNV2_NS5A-x0249/A/851/A_v1,False,1a - DNV2_NS5A-x0249/A/1707,1 - DNV2_NS5A-x0249/A/1707/1,F1c - DNV2_NS5A-x0153/A/1801/1,A1 - monomer,F1 - I222,1a - d0249/A/1707,1 - d0249/A/1707/1,F1c - d0153/A/1801,A1 - monomer,F1 - I222,1a - d0249/A/1707,1 - d0249/A/1707/1,F1c - d0153/A/1801,A1 - monomer,F1 - I222,d0781a,True,True,False,True,False,False,False,True,False,False,True
d0787a,DNV2_NS5A-x0787_A_2101_v1,DNV2_NS5A-x0787,Z32665176,CC1CCN(C(=O)c2cc3ccccc3o2)CC1,DNV2_NS5A-x0249/A/851/A_v1,False,1a - DNV2_NS5A-x0249/A/1707,1 - DNV2_NS5A-x0249/A/1707/1,F1c - DNV2_NS5A-x0153/A/1801/1,A1 - monomer,F1 - I222,1a - d0249/A/1707,1 - d0249/A/1707/1,F1c - d0153/A/1801,A1 - monomer,F1 - I222,1a - d0249/A/1707,1 - d0249/A/1707/1,F1c - d0153/A/1801,A1 - monomer,F1 - I222,d0787a,True,True,False,True,False,False,False,True,False,False,True
d0843a,DNV2_NS5A-x0843_A_1707_v1,DNV2_NS5A-x0843,Z415636694,C[C@H](N)c1ccc(NC(=O)C2CC2)cc1,DNV2_NS5A-x0249/A/851/A_v1,False,1a - DNV2_NS5A-x0249/A/1707,1 - DNV2_NS5A-x0249/A/1707/1,F1b - DNV2_NS5A-x0153/A/1707/1,A1 - monomer,F1 - I222,1a - d0249/A/1707,1 - d0249/A/1707/1,F1b - d0153/A/1707,A1 - monomer,F1 - I222,1a - d0249/A/1707,1 - d0249/A/1707/1,F1b - d0153/A/1707,A1 - monomer,F1 - I222,d0843a,True,True,False,True,False,False,False,True,False,False,True
d1149a,DNV2_NS5A-x1149_A_1701_v1,DNV2_NS5A-x1149,Z44548882,NC(c1ccccc1)c1ccccc1,DNV2_NS5A-x0249/A/851/A_v1,False,1a - DNV2_NS5A-x0249/A/1707,1 - DNV2_NS5A-x0249/A/1707/1,F1b - DNV2_NS5A-x0153/A/1707/1,A1 - monomer,F1 - I222,1a - d0249/A/1707,1 - d0249/A/1707/1,F1b - d0153/A/1707,A1 - monomer,F1 - I222,1a - d0249/A/1707,1 - d0249/A/1707/1,F1b - d0153/A/1707,A1 - monomer,F1 - I222,d1149a,True,True,False,True,False,False,False,True,False,False,True
d1212a,DNV2_NS5A-x1212_A_1608_v1,DNV2_NS5A-x1212,Z57157143,Cc1ccc(CCNc2ccccc2)cn1,DNV2_NS5A-x0249/A/851/A_v1,False,1a - DNV2_NS5A-x0249/A/1707,1 - DNV2_NS5A-x0249/A/1707/1,F1b - DNV2_NS5A-x0153/A/1707/1,A1 - monomer,F1 - I222,1a - d0249/A/1707,1 - d0249/A/1707/1,F1b - d0153/A/1707,A1 - monomer,F1 - I222,1a - d0249/A/1707,1 - d0249/A/1707/1,F1b - d0153/A/1707,A1 - monomer,F1 - I222,d1212a,True,True,False,True,False,False,False,True,False,False,True
5hmx-a,5hmx_A_1004_v1,5hmx,,O=C(O)Cc1cc(CC(=O)O)cc(-c2cccs2)c1,DNV2_NS5A-x0249/A/851/A_v1,False,1a - DNV2_NS5A-x0249/A/1707,1 - DNV2_NS5A-x0249/A/1707/1,F2a - 5hmx/A/1004/1,A1 - monomer,F2 - C2221,1a - d0249/A/1707,1 - d0249/A/1707/1,F2a - 5hmx/A/1004/1,A1 - monomer,F2 - C2221,1a - d0249/A/1707,1 - d0249/A/1707/1,F2a - 5hmx/A/1004/1,A1 - monomer,F2 - C2221,5hmx-a,True,False,True,True,True,False,False,False,False,False,False
5hmw-a,5hmw_A_1004_v1,5hmw,,O=C(O)Cc1cc(CC(=O)O)cc(-c2ccccc2)c1,DNV2_NS5A-x0249/A/851/A_v1,True,1a - DNV2_NS5A-x0249/A/1707,1 - DNV2_NS5A-x0249/A/1707/1,F2a - 5hmx/A/1004/1,A1 - monomer,F2 - C2221,1a - d0249/A/1707,1 - d0249/A/1707/1,F2a - 5hmx/A/1004/1,A1 - monomer,F2 - C2221,1a - d0249/A/1707,1 - d0249/A/1707/1,F2a - 5hmx/A/1004/1,A1 - monomer,F2 - C2221,5hmw-a,True,False,True,True,True,False,False,False,False,False,False
d0250a,DNV2_NS5A-x0250_A_1701_v1,DNV2_NS5A-x0250,Z68639747,CCn1c(NC(C)=O)nc2ccccc21,DNV2_NS5A-x0250/A/805/A_v1,False,17a - DNV2_NS5A-x0250/A/1701,17 - DNV2_NS5A-x0250/A/1701/1,F1z - DNV2_NS5A-x0250/A/1701/1,A1 - monomer,F1 - I222,17a - d0250/A/1701,17 - d0250/A/1701/1,F1z - d0250/A/1701,A1 - monomer,F1 - I222,17a - d0250/A/1701,17 - d0250/A/1701/1,F1z - d0250/A/1701,A1 - monomer,F1 - I222,d0250a,True,True,False,False,False,False,False,True,False,False,True
d0160b,DNV2_NS5A-x0160_A_1702_v1,DNV2_NS5A-x0160,Z4628744292,Cc1cn[nH]c1-c1ccncc1,DNV2_NS5A-x0254/A/512/A_v1,False,3a - DNV2_NS5A-x0254/A/1701,3 - DNV2_NS5A-x0254/A/1701/1,F1g - DNV2_NS5A-x0160/A/1702/1,A1 - monomer,F1 - I222,3a - d0254/A/1701,3 - d0254/A/1701/1,F1g - d0160/A/1702,A1 - monomer,F1 - I222,3a - d0254/A/1701,3 - d0254/A/1701/1,F1g - d0160/A/1702,A1 - monomer,F1 - I222,d0160a,True,True,False,False,False,False,False,False,False,False,False
d0160a,DNV2_NS5A-x0160_A_1608_v1,DNV2_NS5A-x0160,Z4628744292,Cc1cn[nH]c1-c1ccncc1,DNV2_NS5A-x0254/A/512/A_v1,False,3a - DNV2_NS5A-x0254/A/1701,3 - DNV2_NS5A-x0254/A/1701/1,F1h - DNV2_NS5A-x0254/A/1701/1,A1 - monomer,F1 - I222,3a - d0254/A/1701,3 - d0254/A/1701/1,F1h - d0254/A/1701,A1 - monomer,F1 - I222,3a - d0254/A/1701,3 - d0254/A/1701/1,F1h - d0254/A/1701,A1 - monomer,F1 - I222,d0160a,True,True,False,False,False,True,False,True,False,False,False
d0191a,DNV2_NS5A-x0191_A_1608_v1,DNV2_NS5A-x0191,Z55669204,c1cncc(Cn2cccc2)c1,DNV2_NS5A-x0254/A/512/A_v1,False,3a - DNV2_NS5A-x0254/A/1701,3 - DNV2_NS5A-x0254/A/1701/1,F1g - DNV2_NS5A-x0160/A/1702/1,A1 - monomer,F1 - I222,3a - d0254/A/1701,3 - d0254/A/1701/1,F1g - d0160/A/1702,A1 - monomer,F1 - I222,3a - d0254/A/1701,3 - d0254/A/1701/1,F1g - d0160/A/1702,A1 - monomer,F1 - I222,d0191a,True,True,False,False,False,True,False,True,False,False,False
d0254a,DNV2_NS5A-x0254_A_1701_v1,DNV2_NS5A-x0254,Z71580604,Cc1ccc(NC(=O)[C@@H]2CCCO2)nc1,DNV2_NS5A-x0254/A/512/A_v1,False,3a - DNV2_NS5A-x0254/A/1701,3 - DNV2_NS5A-x0254/A/1701/1,F1h - DNV2_NS5A-x0254/A/1701/1,A1 - monomer,F1 - I222,3a - d0254/A/1701,3 - d0254/A/1701/1,F1h - d0254/A/1701,A1 - monomer,F1 - I222,3a - d0254/A/1701,3 - d0254/A/1701/1,F1h - d0254/A/1701,A1 - monomer,F1 - I222,d0254a,True,True,False,False,False,True,False,True,False,False,False
d0264a,DNV2_NS5A-x0264_A_1801_v1,DNV2_NS5A-x0264,Z740611958,Cc1nc(C)c([C@H](C)NC(=O)C(C)C)s1,DNV2_NS5A-x0254/A/512/A_v1,False,3a - DNV2_NS5A-x0254/A/1701,3 - DNV2_NS5A-x0254/A/1701/1,F1i - DNV2_NS5A-x0264/A/1801/1,A1 - monomer,F1 - I222,3a - d0254/A/1701,3 - d0254/A/1701/1,F1i - d0264/A/1801,A1 - monomer,F1 - I222,3a - d0254/A/1701,3 - d0254/A/1701/1,F1i - d0264/A/1801,A1 - monomer,F1 - I222,d0264a,True,True,False,False,False,True,False,True,False,False,False
d0472a,DNV2_NS5A-x0472_A_2101_v1,DNV2_NS5A-x0472,Z1262628644,Nc1cccnc1-n1cccc1,DNV2_NS5A-x0254/A/512/A_v1,False,3a - DNV2_NS5A-x0254/A/1701,3 - DNV2_NS5A-x0254/A/1701/1,F1h - DNV2_NS5A-x0254/A/1701/1,A1 - monomer,F1 - I222,3a - d0254/A/1701,3 - d0254/A/1701/1,F1h - d0254/A/1701,A1 - monomer,F1 - I222,3a - d0254/A/1701,3 - d0254/A/1701/1,F1h - d0254/A/1701,A1 - monomer,F1 - I222,d0472a,True,True,False,False,False,True,False,True,False,False,False
d0612a,DNV2_NS5A-x0612_A_1701_v1,DNV2_NS5A-x0612,Z198194394,NC(=O)N1CCN(c2ccc(F)cc2)CC1,DNV2_NS5A-x0254/A/512/A_v1,False,3a - DNV2_NS5A-x0254/A/1701,3 - DNV2_NS5A-x0254/A/1701/1,F1g - DNV2_NS5A-x0160/A/1702/1,A1 - monomer,F1 - I222,3a - d0254/A/1701,3 - d0254/A/1701/1,F1g - d0160/A/1702,A1 - monomer,F1 - I222,3a - d0254/A/1701,3 - d0254/A/1701/1,F1g - d0160/A/1702,A1 - monomer,F1 - I222,d0612a,True,True,False,False,False,True,False,True,False,False,False
d0615b,DNV2_NS5A-x0615_A_1701_v1,DNV2_NS5A-x0615,Z1983897532,Cc1ncc(CNc2cncc(F)c2)s1,DNV2_NS5A-x0254/A/512/A_v1,False,3a - DNV2_NS5A-x0254/A/1701,3 - DNV2_NS5A-x0254/A/1701/1,F1g - DNV2_NS5A-x0160/A/1702/1,A1 - monomer,F1 - I222,3a - d0254/A/1701,3 - d0254/A/1701/1,F1g - d0160/A/1702,A1 - monomer,F1 - I222,3a - d0254/A/1701,3 - d0254/A/1701/1,F1g - d0160/A/1702,A1 - monomer,F1 - I222,d0615b,True,True,False,False,False,True,False,True,False,False,False
d0851a,DNV2_NS5A-x0851_A_1608_v1,DNV2_NS5A-x0851,POB0029,C[C@H]1CCC[C@@H](CO)N1S(C)(=O)=O,DNV2_NS5A-x0254/A/512/A_v1,False,3a - DNV2_NS5A-x0254/A/1701,3 - DNV2_NS5A-x0254/A/1701/1,F1h - DNV2_NS5A-x0254/A/1701/1,A1 - monomer,F1 - I222,3a - d0254/A/1701,3 - d0254/A/1701/1,F1h - d0254/A/1701,A1 - monomer,F1 - I222,3a - d0254/A/1701,3 - d0254/A/1701/1,F1h - d0254/A/1701,A1 - monomer,F1 - I222,d0851a,True,True,False,False,False,True,False,True,False,False,False
d0866a,DNV2_NS5A-x0866_A_2101_v1,DNV2_NS5A-x0866,POB0015,C[C@@H]1[C@H](C(=O)N2CCCC2)CCCN1S(C)(=O)=O,DNV2_NS5A-x0254/A/512/A_v1,False,3a - DNV2_NS5A-x0254/A/1701,3 - DNV2_NS5A-x0254/A/1701/1,F1g - DNV2_NS5A-x0160/A/1702/1,A1 - monomer,F1 - I222,3a - d0254/A/1701,3 - d0254/A/1701/1,F1g - d0160/A/1702,A1 - monomer,F1 - I222,3a - d0254/A/1701,3 - d0254/A/1701/1,F1g - d0160/A/1702,A1 - monomer,F1 - I222,d0866a,True,True,False,False,False,True,False,True,False,False,False
6izx-a,6izx_A_912_v1,6izx,,CC(=O)Oc1ccc2oc(=O)sc2c1,DNV2_NS5A-x0254/A/512/A_v1,False,3a - DNV2_NS5A-x0254/A/1701,3 - DNV2_NS5A-x0254/A/1701/1,F3f - 6izx/A/912/1,A1 - monomer,F3 - I432,3a - d0254/A/1701,3 - d0254/A/1701/1,F3f - 6izx/A/912/1,A1 - monomer,F3 - I432,3a - d0254/A/1701,3 - d0254/A/1701/1,F3f - 6izx/A/912/1,A1 - monomer,F3 - I432,6izx-a,True,False,False,False,True,True,False,True,False,False,False
5k5m-a,5k5m_A_1003_v1,5k5m,,COc1cccc(S(=O)(=O)NC(=O)c2cc(-c3ccc(C#CCO)s3)c(OC)cc2OC)c1,DNV2_NS5A-x0254/A/512/A_v1,False,3a - DNV2_NS5A-x0254/A/1701,3 - DNV2_NS5A-x0254/A/1701/1,F1h - DNV2_NS5A-x0254/A/1701/1,A1 - monomer,F1 - I222,3a - d0254/A/1701,3 - d0254/A/1701/1,F1h - d0254/A/1701,A1 - monomer,F1 - I222,3a - d0254/A/1701,3 - d0254/A/1701/1,F1h - d0254/A/1701,A1 - monomer,F1 - I222,5k5m-a,True,False,False,False,True,True,False,True,False,False,False
d0288a,DNV2_NS5A-x0288_A_1701_v1,DNV2_NS5A-x0288,Z851110644,CNC(=O)c1cnc(C)s1,DNV2_NS5A-x0288/A/646/A_v1,False,9a - DNV2_NS5A-x0288/A/1701,9 - DNV2_NS5A-x0288/A/1701/1,F1r - DNV2_NS5A-x0288/A/1701/1,A1 - monomer,F1 - I222,9a - d0288/A/1701,9 - d0288/A/1701/1,F1r - d0288/A/1701,A1 - monomer,F1 - I222,9a - d0288/A/1701,9 - d0288/A/1701/1,F1r - d0288/A/1701,A1 - monomer,F1 - I222,d0288a,True,True,False,False,False,False,False,True,False,False,True
d1192a,DNV2_NS5A-x1192_A_1701_v1,DNV2_NS5A-x1192,Z31113727,O=C1CCN(c2ccccn2)CC1,DNV2_NS5A-x0288/A/646/A_v1,False,9a - DNV2_NS5A-x0288/A/1701,9 - DNV2_NS5A-x0288/A/1701/1,F1r - DNV2_NS5A-x0288/A/1701/1,A1 - monomer,F1 - I222,9a - d0288/A/1701,9 - d0288/A/1701/1,F1r - d0288/A/1701,A1 - monomer,F1 - I222,9a - d0288/A/1701,9 - d0288/A/1701/1,F1r - d0288/A/1701,A1 - monomer,F1 - I222,d1192a,True,True,False,False,False,False,False,True,False,False,True
d0323a,DNV2_NS5A-x0323_A_1701_v1,DNV2_NS5A-x0323,Z952016136,Clc1cccc2nc[nH]c12,DNV2_NS5A-x0323/A/380/A_v1,False,18a - DNV2_NS5A-x0323/A/1701,18 - DNV2_NS5A-x0323/A/1701/1,F1aa - DNV2_NS5A-x0323/A/1701/1,A1 - monomer,F1 - I222,18a - d0323/A/1701,18 - d0323/A/1701/1,F1aa - d0323/A/1701,A1 - monomer,F1 - I222,18a - d0323/A/1701,18 - d0323/A/1701/1,F1aa - d0323/A/1701,A1 - monomer,F1 - I222,d0323a,True,True,False,False,False,False,False,True,False,False,True
d0411b,DNV2_NS5A-x0411_A_1708_v1,DNV2_NS5A-x0411,Z1198177230,COc1ccccc1-c1nnco1,DNV2_NS5A-x0411/A/605/A_v1,False,10a - DNV2_NS5A-x0411/A/1707,10 - DNV2_NS5A-x0411/A/1707/1,F1s - DNV2_NS5A-x0411/A/1707/1,A1 - monomer,F1 - I222,10a - d0411/A/1707,10 - d0411/A/1707/1,F1s - d0411/A/1707,A1 - monomer,F1 - I222,10a - d0411/A/1707,10 - d0411/A/1707/1,F1s - d0411/A/1707,A1 - monomer,F1 - I222,d0411a,True,True,False,False,False,False,False,True,False,False,True
d0411a,DNV2_NS5A-x0411_A_1707_v1,DNV2_NS5A-x0411,Z1198177230,COc1ccccc1-c1nnco1,DNV2_NS5A-x0411/A/605/A_v1,False,10a - DNV2_NS5A-x0411/A/1707,10 - DNV2_NS5A-x0411/A/1707/1,F1s - DNV2_NS5A-x0411/A/1707/1,A1 - monomer,F1 - I222,10a - d0411/A/1707,10 - d0411/A/1707/1,F1s - d0411/A/1707,A1 - monomer,F1 - I222,10a - d0411/A/1707,10 - d0411/A/1707/1,F1s - d0411/A/1707,A1 - monomer,F1 - I222,d0411a,True,True,False,False,False,False,False,True,False,False,True
d0428a,DNV2_NS5A-x0428_A_1608_v1,DNV2_NS5A-x0428,Z1203329531,CC(=O)NCC1(O)CCCC1,DNV2_NS5A-x0428/A/533/A_v1,False,19a - DNV2_NS5A-x0428/A/1608,19 - DNV2_NS5A-x0428/A/1608/1,F1ab - DNV2_NS5A-x0428/A/1608/1,A1 - monomer,F1 - I222,19a - d0428/A/1608,19 - d0428/A/1608/1,F1ab - d0428/A/1608,A1 - monomer,F1 - I222,19a - d0428/A/1608,19 - d0428/A/1608/1,F1ab - d0428/A/1608,A1 - monomer,F1 - I222,d0428a,True,True,False,False,False,False,False,True,False,False,True
d0471a,DNV2_NS5A-x0471_A_1608_v1,DNV2_NS5A-x0471,Z1262617180,c1ncc2c(n1)C[C@@H]1CC[C@H]2N1,DNV2_NS5A-x0471/A/389/A_v1,False,11a - DNV2_NS5A-x0471/A/1608,11 - DNV2_NS5A-x0471/A/1608/1,F1t - DNV2_NS5A-x0471/A/1608/1,A1 - monomer,F1 - I222,11a - d0471/A/1608,11 - d0471/A/1608/1,F1t - d0471/A/1608,A1 - monomer,F1 - I222,11a - d0471/A/1608,11 - d0471/A/1608/1,F1t - d0471/A/1608,A1 - monomer,F1 - I222,d0471a,True,True,False,False,False,False,False,True,False,False,True
d0851b,DNV2_NS5A-x0851_A_1701_v1,DNV2_NS5A-x0851,POB0029,C[C@H]1CCC[C@@H](CO)N1S(C)(=O)=O,DNV2_NS5A-x0471/A/389/A_v1,False,11b - DNV2_NS5A-x0851/A/1701,11 - DNV2_NS5A-x0471/A/1608/1,F1t - DNV2_NS5A-x0471/A/1608/1,A1 - monomer,F1 - I222,11b - d0851/A/1701,11 - d0471/A/1608/1,F1t - d0471/A/1608,A1 - monomer,F1 - I222,11b - d0851/A/1701,11 - d0471/A/1608/1,F1t - d0471/A/1608,A1 - monomer,F1 - I222,d0851b,True,True,False,False,False,False,False,True,False,False,False
d0479a,DNV2_NS5A-x0479_A_1707_v1,DNV2_NS5A-x0479,Z1269139261,O=S1(=O)CCN(Cc2ccco2)CC1,DNV2_NS5A-x0479/A/453/A_v1,False,12a - DNV2_NS5A-x0479/A/1707,12 - DNV2_NS5A-x0479/A/1707/1,F1u - DNV2_NS5A-x0479/A/1707/1,A1 - monomer,F1 - I222,12a - d0479/A/1707,12 - d0479/A/1707/1,F1u - d0479/A/1707,A1 - monomer,F1 - I222,12a - d0479/A/1707,12 - d0479/A/1707/1,F1u - d0479/A/1707,A1 - monomer,F1 - I222,d0479a,True,True,False,False,False,False,False,True,False,False,False
d0963a,DNV2_NS5A-x0963_A_1801_v1,DNV2_NS5A-x0963,NCL-00023818,Ic1cn[nH]c1,DNV2_NS5A-x0479/A/453/A_v1,False,12a - DNV2_NS5A-x0479/A/1707,12 - DNV2_NS5A-x0479/A/1707/1,F1u - DNV2_NS5A-x0479/A/1707/1,A1 - monomer,F1 - I222,12a - d0479/A/1707,12 - d0479/A/1707/1,F1u - d0479/A/1707,A1 - monomer,F1 - I222,12a - d0479/A/1707,12 - d0479/A/1707/1,F1u - d0479/A/1707,A1 - monomer,F1 - I222,d0963a,True,True,False,False,False,False,False,True,False,False,True
d0789a,DNV2_NS5A-x0789_A_1701_v1,DNV2_NS5A-x0789,Z329734230,CC1=NN(c2cccc(N)c2)C(=O)C1,DNV2_NS5A-x0789/A/885/A_v1,False,20a - DNV2_NS5A-x0789/A/1701,20 - DNV2_NS5A-x0789/A/1701/1,F1ac - DNV2_NS5A-x0789/A/1701/1,A1 - monomer,F1 - I222,20a - d0789/A/1701,20 - d0789/A/1701/1,F1ac - d0789/A/1701,A1 - monomer,F1 - I222,20a - d0789/A/1701,20 - d0789/A/1701/1,F1ac - d0789/A/1701,A1 - monomer,F1 - I222,d0789a,True,True,False,False,False,False,False,True,False,False,True
d0825c,DNV2_NS5A-x0825_A_1701_v1,DNV2_NS5A-x0825,Z3765495818,NS(=O)(=O)c1cnc2cccnn12,DNV2_NS5A-x0825/A/487/A_v1,False,21a - DNV2_NS5A-x0825/A/1701,21 - DNV2_NS5A-x0825/A/1701/1,F1ad - DNV2_NS5A-x0825/A/1701/1,A1 - monomer,F1 - I222,21a - d0825/A/1701,21 - d0825/A/1701/1,F1ad - d0825/A/1701,A1 - monomer,F1 - I222,21a - d0825/A/1701,21 - d0825/A/1701/1,F1ad - d0825/A/1701,A1 - monomer,F1 - I222,d0825c,True,True,False,False,False,False,False,True,True,False,False
d0825b,DNV2_NS5A-x0825_A_1901_v1,DNV2_NS5A-x0825,Z3765495818,NS(=O)(=O)c1cnc2cccnn12,DNV2_NS5A-x0825/A/543/A_v1,False,13a - DNV2_NS5A-x0825/A/1801,13 - DNV2_NS5A-x0825/A/1801/1,F1v - DNV2_NS5A-x0825/A/1801/1,A1 - monomer,F1 - I222,13a - d0825/A/1801,13 - d0825/A/1801/1,F1v - d0825/A/1801,A1 - monomer,F1 - I222,13a - d0825/A/1801,13 - d0825/A/1801/1,F1v - d0825/A/1801,A1 - monomer,F1 - I222,d0825a,True,True,False,False,False,False,False,False,False,False,False
d0825a,DNV2_NS5A-x0825_A_1801_v1,DNV2_NS5A-x0825,Z3765495818,NS(=O)(=O)c1cnc2cccnn12,DNV2_NS5A-x0825/A/543/A_v1,False,13a - DNV2_NS5A-x0825/A/1801,13 - DNV2_NS5A-x0825/A/1801/1,F1v - DNV2_NS5A-x0825/A/1801/1,A1 - monomer,F1 - I222,13a - d0825/A/1801,13 - d0825/A/1801/1,F1v - d0825/A/1801,A1 - monomer,F1 - I222,13a - d0825/A/1801,13 - d0825/A/1801/1,F1v - d0825/A/1801,A1 - monomer,F1 - I222,d0825a,True,True,False,False,False,False,False,True,False,False,False
d1037b,DNV2_NS5A-x1037_A_1901_v1,DNV2_NS5A-x1037,Z3241250482,O=S1(=O)CC(O)C1,DNV2_NS5A-x1037/A/530/A_v1,False,22a - DNV2_NS5A-x1037/A/1901,22 - DNV2_NS5A-x1037/A/1901/1,F1ae - DNV2_NS5A-x1037/A/1901/1,A1 - monomer,F1 - I222,22a - d1037/A/1901,22 - d1037/A/1901/1,F1ae - d1037/A/1901,A1 - monomer,F1 - I222,22a - d1037/A/1901,22 - d1037/A/1901/1,F1ae - d1037/A/1901,A1 - monomer,F1 - I222,d1037b,True,True,False,False,False,False,False,True,False,False,True
d1037c,DNV2_NS5A-x1037_A_2101_v1,DNV2_NS5A-x1037,Z3241250482,O=S1(=O)CC(O)C1,DNV2_NS5A-x1037/A/678/A_v1,False,23a - DNV2_NS5A-x1037/A/2101,23 - DNV2_NS5A-x1037/A/2101/1,F1af - DNV2_NS5A-x1037/A/2101/1,A1 - monomer,F1 - I222,23a - d1037/A/2101,23 - d1037/A/2101/1,F1af - d1037/A/2101,A1 - monomer,F1 - I222,23a - d1037/A/2101,23 - d1037/A/2101/1,F1af - d1037/A/2101,A1 - monomer,F1 - I222,d1037c,True,True,False,False,False,False,False,True,False,False,True
d1046a,DNV2_NS5A-x1046_A_1701_v1,DNV2_NS5A-x1046,Z3219959731,O=c1cccn[nH]1,DNV2_NS5A-x1046/A/514/A_v1,False,14a - DNV2_NS5A-x1046/A/1701,14 - DNV2_NS5A-x1046/A/1701/1,F1w - DNV2_NS5A-x1046/A/1701/1,A1 - monomer,F1 - I222,14a - d1046/A/1701,14 - d1046/A/1701/1,F1w - d1046/A/1701,A1 - monomer,F1 - I222,14a - d1046/A/1701,14 - d1046/A/1701/1,F1w - d1046/A/1701,A1 - monomer,F1 - I222,d1046a,True,True,False,False,False,False,False,True,False,False,True
d1073a,DNV2_NS5A-x1073_A_1608_v1,DNV2_NS5A-x1073,Z1741972704,Nc1ccon1,DNV2_NS5A-x1046/A/514/A_v1,False,14a - DNV2_NS5A-x1046/A/1701,14 - DNV2_NS5A-x1046/A/1701/1,F1w - DNV2_NS5A-x1046/A/1701/1,A1 - monomer,F1 - I222,14a - d1046/A/1701,14 - d1046/A/1701/1,F1w - d1046/A/1701,A1 - monomer,F1 - I222,14a - d1046/A/1701,14 - d1046/A/1701/1,F1w - d1046/A/1701,A1 - monomer,F1 - I222,d1073a,True,True,False,False,False,False,False,True,False,False,False
d1094a,DNV2_NS5A-x1094_A_1701_v1,DNV2_NS5A-x1094,HL11,Brc1ncccn1,DNV2_NS5A-x1094/A/711/A_v1,False,24a - DNV2_NS5A-x1094/A/1701,24 - DNV2_NS5A-x1094/A/1701/1,F1ag - DNV2_NS5A-x1094/A/1701/1,A1 - monomer,F1 - I222,24a - d1094/A/1701,24 - d1094/A/1701/1,F1ag - d1094/A/1701,A1 - monomer,F1 - I222,24a - d1094/A/1701,24 - d1094/A/1701/1,F1ag - d1094/A/1701,A1 - monomer,F1 - I222,d1094a,True,True,False,False,False,False,False,True,False,False,True
d1196a,DNV2_NS5A-x1196_A_1701_v1,DNV2_NS5A-x1196,Z48978335,O=C1NC2(CCCC2)Nc2ccccc21,DNV2_NS5A-x1196/A/662/A_v1,False,25a - DNV2_NS5A-x1196/A/1701,25 - DNV2_NS5A-x1196/A/1701/1,F1ah - DNV2_NS5A-x1196/A/1701/1,A1 - monomer,F1 - I222,25a - d1196/A/1701,25 - d1196/A/1701/1,F1ah - d1196/A/1701,A1 - monomer,F1 - I222,25a - d1196/A/1701,25 - d1196/A/1701/1,F1ah - d1196/A/1701,A1 - monomer,F1 - I222,d1196a,True,True,False,False,False,True,False,True,False,False,False
d1217a,DNV2_NS5A-x1217_A_1608_v1,DNV2_NS5A-x1217,Z53833304,CCn1cnc2ccccc21,DNV2_NS5A-x1217/A/677/A_v1,False,26a - DNV2_NS5A-x1217/A/1608,26 - DNV2_NS5A-x1217/A/1608/1,F1ai - DNV2_NS5A-x1217/A/1608/1,A1 - monomer,F1 - I222,26a - d1217/A/1608,26 - d1217/A/1608/1,F1ai - d1217/A/1608,A1 - monomer,F1 - I222,26a - d1217/A/1608,26 - d1217/A/1608/1,F1ai - d1217/A/1608,A1 - monomer,F1 - I222,d1217a,True,True,False,False,False,False,False,True,False,False,True
