Code,Long code,Experiment code,Compound code,Smiles,Centroid res,Downloaded,ConformerSites upload name,CanonSites upload name,CrystalformSites upload name,Quatassemblies upload name,Crystalforms upload name,ConformerSites alias,CanonSites alias,CrystalformSites alias,Quatassemblies alias,Crystalforms alias,Pose,[Other] New
fa1384a,FATAATA-x1384_B_360_v1,FATAATA-x1384,Z89283908,O=C([O-])c1c[nH]c2ccccc12,FATAATA-x1840/A/111/A_v1,False,1a - FATAATA-x1840/A/401,1 - FATAATA-x1840/A/401/1,F1a - FATAATA-x1163/A/401/1,A1 - dimer,F1 - original-I222,1a - fa1840/A/401,1 - fa1840/A/401/1,F1a - fa1163/A/401,A1 - dimer,F1 - original-I222,fa1384a,True
fa1142b,FATAATA-x1142_A_360_v1,FATAATA-x1142,Z1198147845,Oc1ccc2cn[nH]c2c1,FATAATA-x1142/A/182/A_v1,False,6a - FATAATA-x1142/A/360,6 - FATAATA-x1142/A/360/1,F1f - FATAATA-x1142/A/360/1,A1 - dimer,F1 - original-I222,6a - fa1142/A/360,6 - fa1142/A/360/1,F1f - fa1142/A/360,A1 - dimer,F1 - original-I222,fa1142b,True
fa1142d,FATAATA-x1142_B_501_v1,FATAATA-x1142,Z1198147845,Oc1ccc2cn[nH]c2c1,FATAATA-x1142/A/182/A_v1,False,6a - FATAATA-x1142/A/360,6 - FATAATA-x1142/A/360/1,F1f - FATAATA-x1142/A/360/1,A1 - dimer,F1 - original-I222,6a - fa1142/A/360,6 - fa1142/A/360/1,F1f - fa1142/A/360,A1 - dimer,F1 - original-I222,fa1142b,True
fa1142a,FATAATA-x1142_A_361_v1,FATAATA-x1142,Z1198147845,Oc1ccc2cn[nH]c2c1,FATAATA-x1147/B/258/A_v1,False,2a - FATAATA-x1147/A/360,2 - FATAATA-x1147/A/360/1,F1b - FATAATA-x1142/A/361/1,A1 - dimer,F1 - original-I222,2a - fa1147/A/360,2 - fa1147/A/360/1,F1b - fa1142/A/361,A1 - dimer,F1 - original-I222,fa1142a,True
fa1142c,FATAATA-x1142_B_401_v1,FATAATA-x1142,Z1198147845,Oc1ccc2cn[nH]c2c1,FATAATA-x1147/B/258/A_v1,False,2a - FATAATA-x1147/A/360,2 - FATAATA-x1147/A/360/1,F1b - FATAATA-x1142/A/361/1,A1 - dimer,F1 - original-I222,2a - fa1147/A/360,2 - fa1147/A/360/1,F1b - fa1142/A/361,A1 - dimer,F1 - original-I222,fa1142a,True
fa1147a,FATAATA-x1147_A_360_v1,FATAATA-x1147,Z56946871,Nc1ccc(F)cc1C(=O)[O-],FATAATA-x1147/B/258/A_v1,False,2a - FATAATA-x1147/A/360,2 - FATAATA-x1147/A/360/1,F1b - FATAATA-x1142/A/361/1,A1 - dimer,F1 - original-I222,2a - fa1147/A/360,2 - fa1147/A/360/1,F1b - fa1142/A/361,A1 - dimer,F1 - original-I222,fa1147a,True
fa1147b,FATAATA-x1147_B_401_v1,FATAATA-x1147,Z56946871,Nc1ccc(F)cc1C(=O)[O-],FATAATA-x1147/B/258/A_v1,False,2a - FATAATA-x1147/A/360,2 - FATAATA-x1147/A/360/1,F1b - FATAATA-x1142/A/361/1,A1 - dimer,F1 - original-I222,2a - fa1147/A/360,2 - fa1147/A/360/1,F1b - fa1142/A/361,A1 - dimer,F1 - original-I222,fa1147a,True
fa1163b,FATAATA-x1163_A_402_v1,FATAATA-x1163,Z56912586,Nc1nc2ccccc2s1,FATAATA-x1147/B/258/A_v1,False,2a - FATAATA-x1147/A/360,2 - FATAATA-x1147/A/360/1,F1b - FATAATA-x1142/A/361/1,A1 - dimer,F1 - original-I222,2a - fa1147/A/360,2 - fa1147/A/360/1,F1b - fa1142/A/361,A1 - dimer,F1 - original-I222,fa1163b,True
fa1163d,FATAATA-x1163_B_401_v1,FATAATA-x1163,Z56912586,Nc1nc2ccccc2s1,FATAATA-x1147/B/258/A_v1,False,2a - FATAATA-x1147/A/360,2 - FATAATA-x1147/A/360/1,F1b - FATAATA-x1142/A/361/1,A1 - dimer,F1 - original-I222,2a - fa1147/A/360,2 - fa1147/A/360/1,F1b - fa1142/A/361,A1 - dimer,F1 - original-I222,fa1163b,True
fa1163a,FATAATA-x1163_A_401_v1,FATAATA-x1163,Z56912586,Nc1nc2ccccc2s1,FATAATA-x1840/A/111/A_v1,True,1a - FATAATA-x1840/A/401,1 - FATAATA-x1840/A/401/1,F1a - FATAATA-x1163/A/401/1,A1 - dimer,F1 - original-I222,1a - fa1840/A/401,1 - fa1840/A/401/1,F1a - fa1163/A/401,A1 - dimer,F1 - original-I222,fa1163a,True
fa1163c,FATAATA-x1163_B_360_v1,FATAATA-x1163,Z56912586,Nc1nc2ccccc2s1,FATAATA-x1840/A/111/A_v1,False,1a - FATAATA-x1840/A/401,1 - FATAATA-x1840/A/401/1,F1a - FATAATA-x1163/A/401/1,A1 - dimer,F1 - original-I222,1a - fa1840/A/401,1 - fa1840/A/401/1,F1a - fa1163/A/401,A1 - dimer,F1 - original-I222,fa1163a,True
fa1164a,FATAATA-x1164_A_361_v1,FATAATA-x1164,Z104503564,O=C([O-])c1ccc(O)c(Cl)c1,FATAATA-x1147/B/258/A_v1,False,2a - FATAATA-x1147/A/360,2 - FATAATA-x1147/A/360/1,F1b - FATAATA-x1142/A/361/1,A1 - dimer,F1 - original-I222,2a - fa1147/A/360,2 - fa1147/A/360/1,F1b - fa1142/A/361,A1 - dimer,F1 - original-I222,fa1164a,True
fa1164b,FATAATA-x1164_B_360_v1,FATAATA-x1164,Z104503564,O=C([O-])c1ccc(O)c(Cl)c1,FATAATA-x1147/B/258/A_v1,False,2a - FATAATA-x1147/A/360,2 - FATAATA-x1147/A/360/1,F1b - FATAATA-x1142/A/361/1,A1 - dimer,F1 - original-I222,2a - fa1147/A/360,2 - fa1147/A/360/1,F1b - fa1142/A/361,A1 - dimer,F1 - original-I222,fa1164a,True
fa1168b,FATAATA-x1168_A_441_v1,FATAATA-x1168,Z969591530,NS(=O)(=O)c1nc2ccccc2[nH]1,FATAATA-x1147/B/258/A_v1,False,2a - FATAATA-x1147/A/360,2 - FATAATA-x1147/A/360/1,F1b - FATAATA-x1142/A/361/1,A1 - dimer,F1 - original-I222,2a - fa1147/A/360,2 - fa1147/A/360/1,F1b - fa1142/A/361,A1 - dimer,F1 - original-I222,fa1168b,True
fa1168d,FATAATA-x1168_B_401_v1,FATAATA-x1168,Z969591530,NS(=O)(=O)c1nc2ccccc2[nH]1,FATAATA-x1147/B/258/A_v1,False,2a - FATAATA-x1147/A/360,2 - FATAATA-x1147/A/360/1,F1b - FATAATA-x1142/A/361/1,A1 - dimer,F1 - original-I222,2a - fa1147/A/360,2 - fa1147/A/360/1,F1b - fa1142/A/361,A1 - dimer,F1 - original-I222,fa1168b,True
fa1168a,FATAATA-x1168_A_400_v1,FATAATA-x1168,Z969591530,NS(=O)(=O)c1nc2ccccc2[nH]1,FATAATA-x1168/A/142/A_v1,False,4a - FATAATA-x1168/A/400,4 - FATAATA-x1168/A/400/1,F1d - FATAATA-x1168/A/400/1,A1 - dimer,F1 - original-I222,4a - fa1168/A/400,4 - fa1168/A/400/1,F1d - fa1168/A/400,A1 - dimer,F1 - original-I222,fa1168a,True
fa1168c,FATAATA-x1168_B_402_v1,FATAATA-x1168,Z969591530,NS(=O)(=O)c1nc2ccccc2[nH]1,FATAATA-x1168/A/142/A_v1,False,4a - FATAATA-x1168/A/400,4 - FATAATA-x1168/A/400/1,F1d - FATAATA-x1168/A/400/1,A1 - dimer,F1 - original-I222,4a - fa1168/A/400,4 - fa1168/A/400/1,F1d - fa1168/A/400,A1 - dimer,F1 - original-I222,fa1168a,True
fa1174b,FATAATA-x1174_A_361_v1,FATAATA-x1174,Z104477750,N#Cc1ccccc1O,FATAATA-x1147/B/258/A_v1,False,2a - FATAATA-x1147/A/360,2 - FATAATA-x1147/A/360/1,F1b - FATAATA-x1142/A/361/1,A1 - dimer,F1 - original-I222,2a - fa1147/A/360,2 - fa1147/A/360/1,F1b - fa1142/A/361,A1 - dimer,F1 - original-I222,fa1174b,True
fa1174d,FATAATA-x1174_B_402_v1,FATAATA-x1174,Z104477750,N#Cc1ccccc1O,FATAATA-x1147/B/258/A_v1,False,2a - FATAATA-x1147/A/360,2 - FATAATA-x1147/A/360/1,F1b - FATAATA-x1142/A/361/1,A1 - dimer,F1 - original-I222,2a - fa1147/A/360,2 - fa1147/A/360/1,F1b - fa1142/A/361,A1 - dimer,F1 - original-I222,fa1174b,True
fa1174a,FATAATA-x1174_A_360_v1,FATAATA-x1174,Z104477750,N#Cc1ccccc1O,FATAATA-x1840/A/111/A_v1,False,1a - FATAATA-x1840/A/401,1 - FATAATA-x1840/A/401/1,F1a - FATAATA-x1163/A/401/1,A1 - dimer,F1 - original-I222,1a - fa1840/A/401,1 - fa1840/A/401/1,F1a - fa1163/A/401,A1 - dimer,F1 - original-I222,fa1174a,True
fa1174c,FATAATA-x1174_B_401_v1,FATAATA-x1174,Z104477750,N#Cc1ccccc1O,FATAATA-x1840/A/111/A_v1,False,1a - FATAATA-x1840/A/401,1 - FATAATA-x1840/A/401/1,F1a - FATAATA-x1163/A/401/1,A1 - dimer,F1 - original-I222,1a - fa1840/A/401,1 - fa1840/A/401/1,F1a - fa1163/A/401,A1 - dimer,F1 - original-I222,fa1174a,True
fa1176a,FATAATA-x1176_A_360_v1,FATAATA-x1176,Z431953146,OCc1cc(-c2ccccc2)on1,FATAATA-x1840/A/111/A_v1,False,1a - FATAATA-x1840/A/401,1 - FATAATA-x1840/A/401/1,F1a - FATAATA-x1163/A/401/1,A1 - dimer,F1 - original-I222,1a - fa1840/A/401,1 - fa1840/A/401/1,F1a - fa1163/A/401,A1 - dimer,F1 - original-I222,fa1176a,True
fa1176b,FATAATA-x1176_B_401_v1,FATAATA-x1176,Z431953146,OCc1cc(-c2ccccc2)on1,FATAATA-x1840/A/111/A_v1,False,1a - FATAATA-x1840/A/401,1 - FATAATA-x1840/A/401/1,F1a - FATAATA-x1163/A/401/1,A1 - dimer,F1 - original-I222,1a - fa1840/A/401,1 - fa1840/A/401/1,F1a - fa1163/A/401,A1 - dimer,F1 - original-I222,fa1176a,True
fa1180a,FATAATA-x1180_A_401_v1,FATAATA-x1180,Z218760918,Nc1noc2ccccc12,FATAATA-x1840/A/111/A_v1,False,1a - FATAATA-x1840/A/401,1 - FATAATA-x1840/A/401/1,F1a - FATAATA-x1163/A/401/1,A1 - dimer,F1 - original-I222,1a - fa1840/A/401,1 - fa1840/A/401/1,F1a - fa1163/A/401,A1 - dimer,F1 - original-I222,fa1180a,True
fa1180b,FATAATA-x1180_A_501_v1,FATAATA-x1180,Z218760918,Nc1noc2ccccc12,FATAATA-x1840/A/111/A_v1,False,1a - FATAATA-x1840/A/401,1 - FATAATA-x1840/A/401/1,F1a - FATAATA-x1163/A/401/1,A1 - dimer,F1 - original-I222,1a - fa1840/A/401,1 - fa1840/A/401/1,F1a - fa1163/A/401,A1 - dimer,F1 - original-I222,fa1180a,True
fa1180c,FATAATA-x1180_B_360_v1,FATAATA-x1180,Z218760918,Nc1noc2ccccc12,FATAATA-x1840/A/111/A_v1,False,1a - FATAATA-x1840/A/401,1 - FATAATA-x1840/A/401/1,F1a - FATAATA-x1163/A/401/1,A1 - dimer,F1 - original-I222,1a - fa1840/A/401,1 - fa1840/A/401/1,F1a - fa1163/A/401,A1 - dimer,F1 - original-I222,fa1180a,True
fa1180d,FATAATA-x1180_B_401_v1,FATAATA-x1180,Z218760918,Nc1noc2ccccc12,FATAATA-x1840/A/111/A_v1,False,1a - FATAATA-x1840/A/401,1 - FATAATA-x1840/A/401/1,F1a - FATAATA-x1163/A/401/1,A1 - dimer,F1 - original-I222,1a - fa1840/A/401,1 - fa1840/A/401/1,F1a - fa1163/A/401,A1 - dimer,F1 - original-I222,fa1180a,True
fa1184a,FATAATA-x1184_A_401_v1,FATAATA-x1184,Z1117899682,FC(F)(F)c1ccnc(N2CCNCC2)n1,FATAATA-x1985/A/195/A_v1,False,3a - FATAATA-x1985/A/360,3 - FATAATA-x1985/A/360/1,F1c - FATAATA-x1184/A/401/1,A1 - dimer,F1 - original-I222,3a - fa1985/A/360,3 - fa1985/A/360/1,F1c - fa1184/A/401,A1 - dimer,F1 - original-I222,fa1184a,True
fa1184b,FATAATA-x1184_B_360_v1,FATAATA-x1184,Z1117899682,FC(F)(F)c1ccnc(N2CCNCC2)n1,FATAATA-x1985/A/195/A_v1,False,3a - FATAATA-x1985/A/360,3 - FATAATA-x1985/A/360/1,F1c - FATAATA-x1184/A/401/1,A1 - dimer,F1 - original-I222,3a - fa1985/A/360,3 - fa1985/A/360/1,F1c - fa1184/A/401,A1 - dimer,F1 - original-I222,fa1184a,True
fa1188a,FATAATA-x1188_A_360_v1,FATAATA-x1188,Z62452555,O=c1[nH]cnc2c1oc1ccccc12,FATAATA-x1168/A/142/A_v1,False,4a - FATAATA-x1168/A/400,4 - FATAATA-x1168/A/400/1,F1d - FATAATA-x1168/A/400/1,A1 - dimer,F1 - original-I222,4a - fa1168/A/400,4 - fa1168/A/400/1,F1d - fa1168/A/400,A1 - dimer,F1 - original-I222,fa1188a,True
fa1188b,FATAATA-x1188_B_401_v1,FATAATA-x1188,Z62452555,O=c1[nH]cnc2c1oc1ccccc12,FATAATA-x1168/A/142/A_v1,False,4a - FATAATA-x1168/A/400,4 - FATAATA-x1168/A/400/1,F1d - FATAATA-x1168/A/400/1,A1 - dimer,F1 - original-I222,4a - fa1168/A/400,4 - fa1168/A/400/1,F1d - fa1168/A/400,A1 - dimer,F1 - original-I222,fa1188a,True
fa1201a,FATAATA-x1201_A_360_v1,FATAATA-x1201,Z607808530,O=C([O-])C1Cc2ccccc2C1,FATAATA-x1840/A/111/A_v1,False,1a - FATAATA-x1840/A/401,1 - FATAATA-x1840/A/401/1,F1a - FATAATA-x1163/A/401/1,A1 - dimer,F1 - original-I222,1a - fa1840/A/401,1 - fa1840/A/401/1,F1a - fa1163/A/401,A1 - dimer,F1 - original-I222,fa1201a,True
fa1201b,FATAATA-x1201_B_401_v1,FATAATA-x1201,Z607808530,O=C([O-])C1Cc2ccccc2C1,FATAATA-x1840/A/111/A_v1,False,1a - FATAATA-x1840/A/401,1 - FATAATA-x1840/A/401/1,F1a - FATAATA-x1163/A/401/1,A1 - dimer,F1 - original-I222,1a - fa1840/A/401,1 - fa1840/A/401/1,F1a - fa1163/A/401,A1 - dimer,F1 - original-I222,fa1201a,True
fa1209a,FATAATA-x1209_A_401_v1,FATAATA-x1209,Z57036327,NNC(=O)c1ccc(O)cc1,FATAATA-x1147/B/258/A_v1,False,2a - FATAATA-x1147/A/360,2 - FATAATA-x1147/A/360/1,F1b - FATAATA-x1142/A/361/1,A1 - dimer,F1 - original-I222,2a - fa1147/A/360,2 - fa1147/A/360/1,F1b - fa1142/A/361,A1 - dimer,F1 - original-I222,fa1209a,True
fa1209b,FATAATA-x1209_B_401_v1,FATAATA-x1209,Z57036327,NNC(=O)c1ccc(O)cc1,FATAATA-x1147/B/258/A_v1,False,2a - FATAATA-x1147/A/360,2 - FATAATA-x1147/A/360/1,F1b - FATAATA-x1142/A/361/1,A1 - dimer,F1 - original-I222,2a - fa1147/A/360,2 - fa1147/A/360/1,F1b - fa1142/A/361,A1 - dimer,F1 - original-I222,fa1209a,True
fa1211a,FATAATA-x1211_A_401_v1,FATAATA-x1211,Z56946871,Nc1ccc(F)cc1C(=O)O,FATAATA-x1147/B/258/A_v1,False,2a - FATAATA-x1147/A/360,2 - FATAATA-x1147/A/360/1,F1b - FATAATA-x1142/A/361/1,A1 - dimer,F1 - original-I222,2a - fa1147/A/360,2 - fa1147/A/360/1,F1b - fa1142/A/361,A1 - dimer,F1 - original-I222,fa1211a,True
fa1211b,FATAATA-x1211_B_360_v1,FATAATA-x1211,Z56946871,Nc1ccc(F)cc1C(=O)O,FATAATA-x1147/B/258/A_v1,False,2a - FATAATA-x1147/A/360,2 - FATAATA-x1147/A/360/1,F1b - FATAATA-x1142/A/361/1,A1 - dimer,F1 - original-I222,2a - fa1147/A/360,2 - fa1147/A/360/1,F1b - fa1142/A/361,A1 - dimer,F1 - original-I222,fa1211a,True
fa1212a,FATAATA-x1212_A_360_v1,FATAATA-x1212,Z147642456,Cc1ccc(O)c(C(=O)O)c1,FATAATA-x1147/B/258/A_v1,False,2a - FATAATA-x1147/A/360,2 - FATAATA-x1147/A/360/1,F1b - FATAATA-x1142/A/361/1,A1 - dimer,F1 - original-I222,2a - fa1147/A/360,2 - fa1147/A/360/1,F1b - fa1142/A/361,A1 - dimer,F1 - original-I222,fa1212a,True
fa1212b,FATAATA-x1212_B_401_v1,FATAATA-x1212,Z147642456,Cc1ccc(O)c(C(=O)O)c1,FATAATA-x1147/B/258/A_v1,False,2a - FATAATA-x1147/A/360,2 - FATAATA-x1147/A/360/1,F1b - FATAATA-x1142/A/361/1,A1 - dimer,F1 - original-I222,2a - fa1147/A/360,2 - fa1147/A/360/1,F1b - fa1142/A/361,A1 - dimer,F1 - original-I222,fa1212a,True
fa1228a,FATAATA-x1228_A_361_v1,FATAATA-x1228,Z104503564,O=C(O)c1ccc(O)c(Cl)c1,FATAATA-x1147/B/258/A_v1,False,2a - FATAATA-x1147/A/360,2 - FATAATA-x1147/A/360/1,F1b - FATAATA-x1142/A/361/1,A1 - dimer,F1 - original-I222,2a - fa1147/A/360,2 - fa1147/A/360/1,F1b - fa1142/A/361,A1 - dimer,F1 - original-I222,fa1228a,True
fa1228b,FATAATA-x1228_B_360_v1,FATAATA-x1228,Z104503564,O=C(O)c1ccc(O)c(Cl)c1,FATAATA-x1147/B/258/A_v1,False,2a - FATAATA-x1147/A/360,2 - FATAATA-x1147/A/360/1,F1b - FATAATA-x1142/A/361/1,A1 - dimer,F1 - original-I222,2a - fa1147/A/360,2 - fa1147/A/360/1,F1b - fa1142/A/361,A1 - dimer,F1 - original-I222,fa1228a,True
fa1231c,FATAATA-x1231_A_402_v1,FATAATA-x1231,Z969591530,NS(=O)(=O)c1nc2ccccc2[nH]1,FATAATA-x1147/B/258/A_v1,False,2a - FATAATA-x1147/A/360,2 - FATAATA-x1147/A/360/1,F1b - FATAATA-x1142/A/361/1,A1 - dimer,F1 - original-I222,2a - fa1147/A/360,2 - fa1147/A/360/1,F1b - fa1142/A/361,A1 - dimer,F1 - original-I222,fa1231c,True
fa1231f,FATAATA-x1231_B_501_v1,FATAATA-x1231,Z969591530,NS(=O)(=O)c1nc2ccccc2[nH]1,FATAATA-x1147/B/258/A_v1,False,2a - FATAATA-x1147/A/360,2 - FATAATA-x1147/A/360/1,F1b - FATAATA-x1142/A/361/1,A1 - dimer,F1 - original-I222,2a - fa1147/A/360,2 - fa1147/A/360/1,F1b - fa1142/A/361,A1 - dimer,F1 - original-I222,fa1231c,True
fa1231b,FATAATA-x1231_A_360_v1,FATAATA-x1231,Z969591530,NS(=O)(=O)c1nc2ccccc2[nH]1,FATAATA-x1168/A/142/A_v1,False,4a - FATAATA-x1168/A/400,4 - FATAATA-x1168/A/400/1,F1d - FATAATA-x1168/A/400/1,A1 - dimer,F1 - original-I222,4a - fa1168/A/400,4 - fa1168/A/400/1,F1d - fa1168/A/400,A1 - dimer,F1 - original-I222,fa1231b,True
fa1231e,FATAATA-x1231_B_401_v1,FATAATA-x1231,Z969591530,NS(=O)(=O)c1nc2ccccc2[nH]1,FATAATA-x1168/A/142/A_v1,False,4a - FATAATA-x1168/A/400,4 - FATAATA-x1168/A/400/1,F1d - FATAATA-x1168/A/400/1,A1 - dimer,F1 - original-I222,4a - fa1168/A/400,4 - fa1168/A/400/1,F1d - fa1168/A/400,A1 - dimer,F1 - original-I222,fa1231b,True
fa1231a,FATAATA-x1231_A_403_v1,FATAATA-x1231,Z969591530,NS(=O)(=O)c1nc2ccccc2[nH]1,FATAATA-x1840/A/111/A_v1,False,1a - FATAATA-x1840/A/401,1 - FATAATA-x1840/A/401/1,F1a - FATAATA-x1163/A/401/1,A1 - dimer,F1 - original-I222,1a - fa1840/A/401,1 - fa1840/A/401/1,F1a - fa1163/A/401,A1 - dimer,F1 - original-I222,fa1231a,True
fa1231d,FATAATA-x1231_B_502_v1,FATAATA-x1231,Z969591530,NS(=O)(=O)c1nc2ccccc2[nH]1,FATAATA-x1840/A/111/A_v1,False,1a - FATAATA-x1840/A/401,1 - FATAATA-x1840/A/401/1,F1a - FATAATA-x1163/A/401/1,A1 - dimer,F1 - original-I222,1a - fa1840/A/401,1 - fa1840/A/401/1,F1a - fa1163/A/401,A1 - dimer,F1 - original-I222,fa1231a,True
fa1234a,FATAATA-x1234_A_361_v1,FATAATA-x1234,Z104495736,Nc1ccccc1CO,FATAATA-x1840/A/111/A_v1,False,1a - FATAATA-x1840/A/401,1 - FATAATA-x1840/A/401/1,F1a - FATAATA-x1163/A/401/1,A1 - dimer,F1 - original-I222,1a - fa1840/A/401,1 - fa1840/A/401/1,F1a - fa1163/A/401,A1 - dimer,F1 - original-I222,fa1234a,True
fa1234b,FATAATA-x1234_B_360_v1,FATAATA-x1234,Z104495736,Nc1ccccc1CO,FATAATA-x1840/A/111/A_v1,False,1a - FATAATA-x1840/A/401,1 - FATAATA-x1840/A/401/1,F1a - FATAATA-x1163/A/401/1,A1 - dimer,F1 - original-I222,1a - fa1840/A/401,1 - fa1840/A/401/1,F1a - fa1163/A/401,A1 - dimer,F1 - original-I222,fa1234a,True
fa1236a,FATAATA-x1236_A_401_v1,FATAATA-x1236,Z57493539,Cc1ccc(C(N)=O)cn1,FATAATA-x1147/B/258/A_v1,False,2a - FATAATA-x1147/A/360,2 - FATAATA-x1147/A/360/1,F1b - FATAATA-x1142/A/361/1,A1 - dimer,F1 - original-I222,2a - fa1147/A/360,2 - fa1147/A/360/1,F1b - fa1142/A/361,A1 - dimer,F1 - original-I222,fa1236a,True
fa1236b,FATAATA-x1236_B_401_v1,FATAATA-x1236,Z57493539,Cc1ccc(C(N)=O)cn1,FATAATA-x1147/B/258/A_v1,False,2a - FATAATA-x1147/A/360,2 - FATAATA-x1147/A/360/1,F1b - FATAATA-x1142/A/361/1,A1 - dimer,F1 - original-I222,2a - fa1147/A/360,2 - fa1147/A/360/1,F1b - fa1142/A/361,A1 - dimer,F1 - original-I222,fa1236a,True
fa1263a,FATAATA-x1263_A_360_v1,FATAATA-x1263,Z104501152,Cc1cc(C)nc(N)n1,FATAATA-x1985/A/195/A_v1,False,3a - FATAATA-x1985/A/360,3 - FATAATA-x1985/A/360/1,F1c - FATAATA-x1184/A/401/1,A1 - dimer,F1 - original-I222,3a - fa1985/A/360,3 - fa1985/A/360/1,F1c - fa1184/A/401,A1 - dimer,F1 - original-I222,fa1263a,True
fa1263b,FATAATA-x1263_B_401_v1,FATAATA-x1263,Z104501152,Cc1cc(C)nc(N)n1,FATAATA-x1985/A/195/A_v1,False,3a - FATAATA-x1985/A/360,3 - FATAATA-x1985/A/360/1,F1c - FATAATA-x1184/A/401/1,A1 - dimer,F1 - original-I222,3a - fa1985/A/360,3 - fa1985/A/360/1,F1c - fa1184/A/401,A1 - dimer,F1 - original-I222,fa1263a,True
fa1277a,FATAATA-x1277_A_401_v1,FATAATA-x1277,Z57984669,Cc1nc(-c2cccc(N)c2)cs1,FATAATA-x1840/A/111/A_v1,False,1a - FATAATA-x1840/A/401,1 - FATAATA-x1840/A/401/1,F1a - FATAATA-x1163/A/401/1,A1 - dimer,F1 - original-I222,1a - fa1840/A/401,1 - fa1840/A/401/1,F1a - fa1163/A/401,A1 - dimer,F1 - original-I222,fa1277a,True
fa1277b,FATAATA-x1277_B_401_v1,FATAATA-x1277,Z57984669,Cc1nc(-c2cccc(N)c2)cs1,FATAATA-x1840/A/111/A_v1,False,1a - FATAATA-x1840/A/401,1 - FATAATA-x1840/A/401/1,F1a - FATAATA-x1163/A/401/1,A1 - dimer,F1 - original-I222,1a - fa1840/A/401,1 - fa1840/A/401/1,F1a - fa1163/A/401,A1 - dimer,F1 - original-I222,fa1277a,True
fa1285d,FATAATA-x1285_B_403_v1,FATAATA-x1285,Z45415581,NS(=O)(=O)c1ccccc1F,FATAATA-x1317/A/166/A_v1,False,5a - FATAATA-x1317/A/360,5 - FATAATA-x1317/A/360/1,F1e - FATAATA-x1285/B/403/1,A1 - dimer,F1 - original-I222,5a - fa1317/A/360,5 - fa1317/A/360/1,F1e - fa1285/B/403,A1 - dimer,F1 - original-I222,fa1285d,True
fa1285a,FATAATA-x1285_A_360_v1,FATAATA-x1285,Z45415581,NS(=O)(=O)c1ccccc1F,FATAATA-x1840/A/111/A_v1,False,1a - FATAATA-x1840/A/401,1 - FATAATA-x1840/A/401/1,F1a - FATAATA-x1163/A/401/1,A1 - dimer,F1 - original-I222,1a - fa1840/A/401,1 - fa1840/A/401/1,F1a - fa1163/A/401,A1 - dimer,F1 - original-I222,fa1285a,True
fa1285b,FATAATA-x1285_A_361_v1,FATAATA-x1285,Z45415581,NS(=O)(=O)c1ccccc1F,FATAATA-x1840/A/111/A_v1,False,1a - FATAATA-x1840/A/401,1 - FATAATA-x1840/A/401/1,F1a - FATAATA-x1163/A/401/1,A1 - dimer,F1 - original-I222,1a - fa1840/A/401,1 - fa1840/A/401/1,F1a - fa1163/A/401,A1 - dimer,F1 - original-I222,fa1285a,True
fa1285c,FATAATA-x1285_B_402_v1,FATAATA-x1285,Z45415581,NS(=O)(=O)c1ccccc1F,FATAATA-x1840/A/111/A_v1,False,1a - FATAATA-x1840/A/401,1 - FATAATA-x1840/A/401/1,F1a - FATAATA-x1163/A/401/1,A1 - dimer,F1 - original-I222,1a - fa1840/A/401,1 - fa1840/A/401/1,F1a - fa1163/A/401,A1 - dimer,F1 - original-I222,fa1285a,True
fa1290b,FATAATA-x1290_B_402_v1,FATAATA-x1290,Z106939542,Nc1cc(F)ccc1C(=O)[O-],FATAATA-x1147/B/258/A_v1,False,2a - FATAATA-x1147/A/360,2 - FATAATA-x1147/A/360/1,F1b - FATAATA-x1142/A/361/1,A1 - dimer,F1 - original-I222,2a - fa1147/A/360,2 - fa1147/A/360/1,F1b - fa1142/A/361,A1 - dimer,F1 - original-I222,fa1290b,True
fa1290d,FATAATA-x1290_A_362_v1,FATAATA-x1290,Z106939542,Nc1cc(F)ccc1C(=O)[O-],FATAATA-x1147/B/258/A_v1,False,2a - FATAATA-x1147/A/360,2 - FATAATA-x1147/A/360/1,F1b - FATAATA-x1142/A/361/1,A1 - dimer,F1 - original-I222,2a - fa1147/A/360,2 - fa1147/A/360/1,F1b - fa1142/A/361,A1 - dimer,F1 - original-I222,fa1290b,True
fa1290c,FATAATA-x1290_A_363_v1,FATAATA-x1290,Z106939542,Nc1cc(F)ccc1C(=O)[O-],FATAATA-x1317/A/166/A_v1,False,5a - FATAATA-x1317/A/360,5 - FATAATA-x1317/A/360/1,F1e - FATAATA-x1285/B/403/1,A1 - dimer,F1 - original-I222,5a - fa1317/A/360,5 - fa1317/A/360/1,F1e - fa1285/B/403,A1 - dimer,F1 - original-I222,fa1290c,True
fa1290a,FATAATA-x1290_B_401_v1,FATAATA-x1290,Z106939542,Nc1cc(F)ccc1C(=O)[O-],FATAATA-x1840/A/111/A_v1,False,1a - FATAATA-x1840/A/401,1 - FATAATA-x1840/A/401/1,F1a - FATAATA-x1163/A/401/1,A1 - dimer,F1 - original-I222,1a - fa1840/A/401,1 - fa1840/A/401/1,F1a - fa1163/A/401,A1 - dimer,F1 - original-I222,fa1290a,True
fa1295a,FATAATA-x1295_A_360_v1,FATAATA-x1295,Z608061328,O=C([O-])Cc1ccccc1O,FATAATA-x1840/A/111/A_v1,False,1a - FATAATA-x1840/A/401,1 - FATAATA-x1840/A/401/1,F1a - FATAATA-x1163/A/401/1,A1 - dimer,F1 - original-I222,1a - fa1840/A/401,1 - fa1840/A/401/1,F1a - fa1163/A/401,A1 - dimer,F1 - original-I222,fa1295a,True
fa1295b,FATAATA-x1295_B_401_v1,FATAATA-x1295,Z608061328,O=C([O-])Cc1ccccc1O,FATAATA-x1840/A/111/A_v1,False,1a - FATAATA-x1840/A/401,1 - FATAATA-x1840/A/401/1,F1a - FATAATA-x1163/A/401/1,A1 - dimer,F1 - original-I222,1a - fa1840/A/401,1 - fa1840/A/401/1,F1a - fa1163/A/401,A1 - dimer,F1 - original-I222,fa1295a,True
fa1317b,FATAATA-x1317_A_360_v1,FATAATA-x1317,Z1203162319,Oc1ccc2[nH]ccc2c1,FATAATA-x1317/A/166/A_v1,False,5a - FATAATA-x1317/A/360,5 - FATAATA-x1317/A/360/1,F1e - FATAATA-x1285/B/403/1,A1 - dimer,F1 - original-I222,5a - fa1317/A/360,5 - fa1317/A/360/1,F1e - fa1285/B/403,A1 - dimer,F1 - original-I222,fa1317b,True
fa1317e,FATAATA-x1317_B_401_v1,FATAATA-x1317,Z1203162319,Oc1ccc2[nH]ccc2c1,FATAATA-x1317/A/166/A_v1,False,5a - FATAATA-x1317/A/360,5 - FATAATA-x1317/A/360/1,F1e - FATAATA-x1285/B/403/1,A1 - dimer,F1 - original-I222,5a - fa1317/A/360,5 - fa1317/A/360/1,F1e - fa1285/B/403,A1 - dimer,F1 - original-I222,fa1317b,True
fa1317a,FATAATA-x1317_A_401_v1,FATAATA-x1317,Z1203162319,Oc1ccc2[nH]ccc2c1,FATAATA-x1840/A/111/A_v1,False,1a - FATAATA-x1840/A/401,1 - FATAATA-x1840/A/401/1,F1a - FATAATA-x1163/A/401/1,A1 - dimer,F1 - original-I222,1a - fa1840/A/401,1 - fa1840/A/401/1,F1a - fa1163/A/401,A1 - dimer,F1 - original-I222,fa1317a,True
fa1317d,FATAATA-x1317_B_403_v1,FATAATA-x1317,Z1203162319,Oc1ccc2[nH]ccc2c1,FATAATA-x1840/A/111/A_v1,False,1a - FATAATA-x1840/A/401,1 - FATAATA-x1840/A/401/1,F1a - FATAATA-x1163/A/401/1,A1 - dimer,F1 - original-I222,1a - fa1840/A/401,1 - fa1840/A/401/1,F1a - fa1163/A/401,A1 - dimer,F1 - original-I222,fa1317a,True
fa1317c,FATAATA-x1317_A_402_v1,FATAATA-x1317,Z1203162319,Oc1ccc2[nH]ccc2c1,FATAATA-x1985/A/195/A_v1,False,3a - FATAATA-x1985/A/360,3 - FATAATA-x1985/A/360/1,F1c - FATAATA-x1184/A/401/1,A1 - dimer,F1 - original-I222,3a - fa1985/A/360,3 - fa1985/A/360/1,F1c - fa1184/A/401,A1 - dimer,F1 - original-I222,fa1317c,True
fa1317f,FATAATA-x1317_B_404_v1,FATAATA-x1317,Z1203162319,Oc1ccc2[nH]ccc2c1,FATAATA-x1985/A/195/A_v1,False,3a - FATAATA-x1985/A/360,3 - FATAATA-x1985/A/360/1,F1c - FATAATA-x1184/A/401/1,A1 - dimer,F1 - original-I222,3a - fa1985/A/360,3 - fa1985/A/360/1,F1c - fa1184/A/401,A1 - dimer,F1 - original-I222,fa1317c,True
fa1329b,FATAATA-x1329_B_401_v1,FATAATA-x1329,Z57607000,Nc1nc2c(Cl)cccc2s1,FATAATA-x1329/B/166/B_v1,False,7a - FATAATA-x1329/B/401,7 - FATAATA-x1329/B/401/1,F1g - FATAATA-x1329/B/401/1,A1 - dimer,F1 - original-I222,7a - fa1329/B/401,7 - fa1329/B/401/1,F1g - fa1329/B/401,A1 - dimer,F1 - original-I222,fa1329b,True
fa1329a,FATAATA-x1329_A_360_v1,FATAATA-x1329,Z57607000,Nc1nc2c(Cl)cccc2s1,FATAATA-x1840/A/111/A_v1,False,1a - FATAATA-x1840/A/401,1 - FATAATA-x1840/A/401/1,F1a - FATAATA-x1163/A/401/1,A1 - dimer,F1 - original-I222,1a - fa1840/A/401,1 - fa1840/A/401/1,F1a - fa1163/A/401,A1 - dimer,F1 - original-I222,fa1329a,True
fa1351a,FATAATA-x1351_A_401_v1,FATAATA-x1351,Z33546479,NC(=O)c1cccc(Cl)c1,FATAATA-x1840/A/111/A_v1,False,1a - FATAATA-x1840/A/401,1 - FATAATA-x1840/A/401/1,F1a - FATAATA-x1163/A/401/1,A1 - dimer,F1 - original-I222,1a - fa1840/A/401,1 - fa1840/A/401/1,F1a - fa1163/A/401,A1 - dimer,F1 - original-I222,fa1351a,True
fa1351b,FATAATA-x1351_B_360_v1,FATAATA-x1351,Z33546479,NC(=O)c1cccc(Cl)c1,FATAATA-x1840/A/111/A_v1,False,1a - FATAATA-x1840/A/401,1 - FATAATA-x1840/A/401/1,F1a - FATAATA-x1163/A/401/1,A1 - dimer,F1 - original-I222,1a - fa1840/A/401,1 - fa1840/A/401/1,F1a - fa1163/A/401,A1 - dimer,F1 - original-I222,fa1351a,True
fa1353a,FATAATA-x1353_A_360_v1,FATAATA-x1353,Z104474062,O=C([O-])c1cccc(Cl)c1,FATAATA-x1147/B/258/A_v1,False,2a - FATAATA-x1147/A/360,2 - FATAATA-x1147/A/360/1,F1b - FATAATA-x1142/A/361/1,A1 - dimer,F1 - original-I222,2a - fa1147/A/360,2 - fa1147/A/360/1,F1b - fa1142/A/361,A1 - dimer,F1 - original-I222,fa1353a,True
fa1353b,FATAATA-x1353_B_401_v1,FATAATA-x1353,Z104474062,O=C([O-])c1cccc(Cl)c1,FATAATA-x1147/B/258/A_v1,False,2a - FATAATA-x1147/A/360,2 - FATAATA-x1147/A/360/1,F1b - FATAATA-x1142/A/361/1,A1 - dimer,F1 - original-I222,2a - fa1147/A/360,2 - fa1147/A/360/1,F1b - fa1142/A/361,A1 - dimer,F1 - original-I222,fa1353a,True
fa1358b,FATAATA-x1358_A_401_v1,FATAATA-x1358,Z55928828,Cc1cc2nc[nH]c2cc1C,FATAATA-x1147/B/258/A_v1,False,2a - FATAATA-x1147/A/360,2 - FATAATA-x1147/A/360/1,F1b - FATAATA-x1142/A/361/1,A1 - dimer,F1 - original-I222,2a - fa1147/A/360,2 - fa1147/A/360/1,F1b - fa1142/A/361,A1 - dimer,F1 - original-I222,fa1358b,True
fa1358d,FATAATA-x1358_B_401_v1,FATAATA-x1358,Z55928828,Cc1cc2nc[nH]c2cc1C,FATAATA-x1147/B/258/A_v1,False,2a - FATAATA-x1147/A/360,2 - FATAATA-x1147/A/360/1,F1b - FATAATA-x1142/A/361/1,A1 - dimer,F1 - original-I222,2a - fa1147/A/360,2 - fa1147/A/360/1,F1b - fa1142/A/361,A1 - dimer,F1 - original-I222,fa1358b,True
fa1358a,FATAATA-x1358_A_402_v1,FATAATA-x1358,Z55928828,Cc1cc2nc[nH]c2cc1C,FATAATA-x1840/A/111/A_v1,False,1a - FATAATA-x1840/A/401,1 - FATAATA-x1840/A/401/1,F1a - FATAATA-x1163/A/401/1,A1 - dimer,F1 - original-I222,1a - fa1840/A/401,1 - fa1840/A/401/1,F1a - fa1163/A/401,A1 - dimer,F1 - original-I222,fa1358a,True
fa1358c,FATAATA-x1358_B_402_v1,FATAATA-x1358,Z55928828,Cc1cc2nc[nH]c2cc1C,FATAATA-x1840/A/111/A_v1,False,1a - FATAATA-x1840/A/401,1 - FATAATA-x1840/A/401/1,F1a - FATAATA-x1163/A/401/1,A1 - dimer,F1 - original-I222,1a - fa1840/A/401,1 - fa1840/A/401/1,F1a - fa1163/A/401,A1 - dimer,F1 - original-I222,fa1358a,True
fa1365b,FATAATA-x1365_A_402_v1,FATAATA-x1365,Z56926682,OCn1cnc2ccccc21,FATAATA-x1147/B/258/A_v1,False,2a - FATAATA-x1147/A/360,2 - FATAATA-x1147/A/360/1,F1b - FATAATA-x1142/A/361/1,A1 - dimer,F1 - original-I222,2a - fa1147/A/360,2 - fa1147/A/360/1,F1b - fa1142/A/361,A1 - dimer,F1 - original-I222,fa1365b,True
fa1365d,FATAATA-x1365_B_401_v1,FATAATA-x1365,Z56926682,OCn1cnc2ccccc21,FATAATA-x1147/B/258/A_v1,False,2a - FATAATA-x1147/A/360,2 - FATAATA-x1147/A/360/1,F1b - FATAATA-x1142/A/361/1,A1 - dimer,F1 - original-I222,2a - fa1147/A/360,2 - fa1147/A/360/1,F1b - fa1142/A/361,A1 - dimer,F1 - original-I222,fa1365b,True
fa1365a,FATAATA-x1365_A_401_v1,FATAATA-x1365,Z56926682,OCn1cnc2ccccc21,FATAATA-x1840/A/111/A_v1,False,1a - FATAATA-x1840/A/401,1 - FATAATA-x1840/A/401/1,F1a - FATAATA-x1163/A/401/1,A1 - dimer,F1 - original-I222,1a - fa1840/A/401,1 - fa1840/A/401/1,F1a - fa1163/A/401,A1 - dimer,F1 - original-I222,fa1365a,True
fa1365c,FATAATA-x1365_B_360_v1,FATAATA-x1365,Z56926682,OCn1cnc2ccccc21,FATAATA-x1840/A/111/A_v1,False,1a - FATAATA-x1840/A/401,1 - FATAATA-x1840/A/401/1,F1a - FATAATA-x1163/A/401/1,A1 - dimer,F1 - original-I222,1a - fa1840/A/401,1 - fa1840/A/401/1,F1a - fa1163/A/401,A1 - dimer,F1 - original-I222,fa1365a,True
fa1369a,FATAATA-x1369_A_401_v1,FATAATA-x1369,Z104482458,Cc1onc(-c2ccccc2)c1C(=O)[O-],FATAATA-x1840/A/111/A_v1,False,1a - FATAATA-x1840/A/401,1 - FATAATA-x1840/A/401/1,F1a - FATAATA-x1163/A/401/1,A1 - dimer,F1 - original-I222,1a - fa1840/A/401,1 - fa1840/A/401/1,F1a - fa1163/A/401,A1 - dimer,F1 - original-I222,fa1369a,True
fa1369b,FATAATA-x1369_B_401_v1,FATAATA-x1369,Z104482458,Cc1onc(-c2ccccc2)c1C(=O)[O-],FATAATA-x1840/A/111/A_v1,False,1a - FATAATA-x1840/A/401,1 - FATAATA-x1840/A/401/1,F1a - FATAATA-x1163/A/401/1,A1 - dimer,F1 - original-I222,1a - fa1840/A/401,1 - fa1840/A/401/1,F1a - fa1163/A/401,A1 - dimer,F1 - original-I222,fa1369a,True
fa1404a,FATAATA-x1404_A_361_v1,FATAATA-x1404,Z90120144,N#CCc1ccc(O)cc1,FATAATA-x1840/A/111/A_v1,False,1a - FATAATA-x1840/A/401,1 - FATAATA-x1840/A/401/1,F1a - FATAATA-x1163/A/401/1,A1 - dimer,F1 - original-I222,1a - fa1840/A/401,1 - fa1840/A/401/1,F1a - fa1163/A/401,A1 - dimer,F1 - original-I222,fa1404a,True
fa1404b,FATAATA-x1404_B_401_v1,FATAATA-x1404,Z90120144,N#CCc1ccc(O)cc1,FATAATA-x1840/A/111/A_v1,False,1a - FATAATA-x1840/A/401,1 - FATAATA-x1840/A/401/1,F1a - FATAATA-x1163/A/401/1,A1 - dimer,F1 - original-I222,1a - fa1840/A/401,1 - fa1840/A/401/1,F1a - fa1163/A/401,A1 - dimer,F1 - original-I222,fa1404a,True
fa1422a,FATAATA-x1422_A_401_v1,FATAATA-x1422,Z445135574,Nc1ccc2c(c1)S(=O)(=O)C=C2,FATAATA-x1840/A/111/A_v1,False,1a - FATAATA-x1840/A/401,1 - FATAATA-x1840/A/401/1,F1a - FATAATA-x1163/A/401/1,A1 - dimer,F1 - original-I222,1a - fa1840/A/401,1 - fa1840/A/401/1,F1a - fa1163/A/401,A1 - dimer,F1 - original-I222,fa1422a,True
fa1422b,FATAATA-x1422_B_360_v1,FATAATA-x1422,Z445135574,Nc1ccc2c(c1)S(=O)(=O)C=C2,FATAATA-x1840/A/111/A_v1,False,1a - FATAATA-x1840/A/401,1 - FATAATA-x1840/A/401/1,F1a - FATAATA-x1163/A/401/1,A1 - dimer,F1 - original-I222,1a - fa1840/A/401,1 - fa1840/A/401/1,F1a - fa1163/A/401,A1 - dimer,F1 - original-I222,fa1422a,True
fa1423a,FATAATA-x1423_A_361_v1,FATAATA-x1423,Z31721188,O=C(c1cccc(O)c1)N1CCOCC1,FATAATA-x1840/A/111/A_v1,False,1a - FATAATA-x1840/A/401,1 - FATAATA-x1840/A/401/1,F1a - FATAATA-x1163/A/401/1,A1 - dimer,F1 - original-I222,1a - fa1840/A/401,1 - fa1840/A/401/1,F1a - fa1163/A/401,A1 - dimer,F1 - original-I222,fa1423a,True
fa1423b,FATAATA-x1423_B_360_v1,FATAATA-x1423,Z31721188,O=C(c1cccc(O)c1)N1CCOCC1,FATAATA-x1840/A/111/A_v1,False,1a - FATAATA-x1840/A/401,1 - FATAATA-x1840/A/401/1,F1a - FATAATA-x1163/A/401/1,A1 - dimer,F1 - original-I222,1a - fa1840/A/401,1 - fa1840/A/401/1,F1a - fa1163/A/401,A1 - dimer,F1 - original-I222,fa1423a,True
fa1425a,FATAATA-x1425_A_361_v1,FATAATA-x1425,Z227832752,O=C([O-])c1sccc1-n1cccc1,FATAATA-x1840/A/111/A_v1,False,1a - FATAATA-x1840/A/401,1 - FATAATA-x1840/A/401/1,F1a - FATAATA-x1163/A/401/1,A1 - dimer,F1 - original-I222,1a - fa1840/A/401,1 - fa1840/A/401/1,F1a - fa1163/A/401,A1 - dimer,F1 - original-I222,fa1425a,True
fa1425b,FATAATA-x1425_B_360_v1,FATAATA-x1425,Z227832752,O=C([O-])c1sccc1-n1cccc1,FATAATA-x1840/A/111/A_v1,False,1a - FATAATA-x1840/A/401,1 - FATAATA-x1840/A/401/1,F1a - FATAATA-x1163/A/401/1,A1 - dimer,F1 - original-I222,1a - fa1840/A/401,1 - fa1840/A/401/1,F1a - fa1163/A/401,A1 - dimer,F1 - original-I222,fa1425a,True
fa1433b,FATAATA-x1433_A_401_v1,FATAATA-x1433,Z234895085,Nc1cnc2ccccc2c1,FATAATA-x1147/B/258/A_v1,False,2a - FATAATA-x1147/A/360,2 - FATAATA-x1147/A/360/1,F1b - FATAATA-x1142/A/361/1,A1 - dimer,F1 - original-I222,2a - fa1147/A/360,2 - fa1147/A/360/1,F1b - fa1142/A/361,A1 - dimer,F1 - original-I222,fa1433b,True
fa1433d,FATAATA-x1433_B_403_v1,FATAATA-x1433,Z234895085,Nc1cnc2ccccc2c1,FATAATA-x1147/B/258/A_v1,False,2a - FATAATA-x1147/A/360,2 - FATAATA-x1147/A/360/1,F1b - FATAATA-x1142/A/361/1,A1 - dimer,F1 - original-I222,2a - fa1147/A/360,2 - fa1147/A/360/1,F1b - fa1142/A/361,A1 - dimer,F1 - original-I222,fa1433b,True
fa1433a,FATAATA-x1433_A_402_v1,FATAATA-x1433,Z234895085,Nc1cnc2ccccc2c1,FATAATA-x1840/A/111/A_v1,False,1a - FATAATA-x1840/A/401,1 - FATAATA-x1840/A/401/1,F1a - FATAATA-x1163/A/401/1,A1 - dimer,F1 - original-I222,1a - fa1840/A/401,1 - fa1840/A/401/1,F1a - fa1163/A/401,A1 - dimer,F1 - original-I222,fa1433a,True
fa1433c,FATAATA-x1433_B_360_v1,FATAATA-x1433,Z234895085,Nc1cnc2ccccc2c1,FATAATA-x1840/A/111/A_v1,False,1a - FATAATA-x1840/A/401,1 - FATAATA-x1840/A/401/1,F1a - FATAATA-x1163/A/401/1,A1 - dimer,F1 - original-I222,1a - fa1840/A/401,1 - fa1840/A/401/1,F1a - fa1163/A/401,A1 - dimer,F1 - original-I222,fa1433a,True
fa1436a,FATAATA-x1436_A_361_v1,FATAATA-x1436,Z53116464,NC(=O)CCn1cnc2ccccc21,FATAATA-x1840/A/111/A_v1,False,1a - FATAATA-x1840/A/401,1 - FATAATA-x1840/A/401/1,F1a - FATAATA-x1163/A/401/1,A1 - dimer,F1 - original-I222,1a - fa1840/A/401,1 - fa1840/A/401/1,F1a - fa1163/A/401,A1 - dimer,F1 - original-I222,fa1436a,True
fa1436b,FATAATA-x1436_B_360_v1,FATAATA-x1436,Z53116464,NC(=O)CCn1cnc2ccccc21,FATAATA-x1840/A/111/A_v1,False,1a - FATAATA-x1840/A/401,1 - FATAATA-x1840/A/401/1,F1a - FATAATA-x1163/A/401/1,A1 - dimer,F1 - original-I222,1a - fa1840/A/401,1 - fa1840/A/401/1,F1a - fa1163/A/401,A1 - dimer,F1 - original-I222,fa1436a,True
fa1437a,FATAATA-x1437_A_361_v1,FATAATA-x1437,Z94600359,Cc1cccc(C(=O)[O-])c1N,FATAATA-x1840/A/111/A_v1,False,1a - FATAATA-x1840/A/401,1 - FATAATA-x1840/A/401/1,F1a - FATAATA-x1163/A/401/1,A1 - dimer,F1 - original-I222,1a - fa1840/A/401,1 - fa1840/A/401/1,F1a - fa1163/A/401,A1 - dimer,F1 - original-I222,fa1437a,True
fa1437b,FATAATA-x1437_B_401_v1,FATAATA-x1437,Z94600359,Cc1cccc(C(=O)[O-])c1N,FATAATA-x1840/A/111/A_v1,False,1a - FATAATA-x1840/A/401,1 - FATAATA-x1840/A/401/1,F1a - FATAATA-x1163/A/401/1,A1 - dimer,F1 - original-I222,1a - fa1840/A/401,1 - fa1840/A/401/1,F1a - fa1163/A/401,A1 - dimer,F1 - original-I222,fa1437a,True
fa1437c,FATAATA-x1437_B_402_v1,FATAATA-x1437,Z94600359,Cc1cccc(C(=O)[O-])c1N,FATAATA-x1840/A/111/A_v1,False,1a - FATAATA-x1840/A/401,1 - FATAATA-x1840/A/401/1,F1a - FATAATA-x1163/A/401/1,A1 - dimer,F1 - original-I222,1a - fa1840/A/401,1 - fa1840/A/401/1,F1a - fa1163/A/401,A1 - dimer,F1 - original-I222,fa1437a,True
fa1444a,FATAATA-x1444_A_361_v1,FATAATA-x1444,Z415653738,NC(=O)c1cccc2[nH]ccc12,FATAATA-x1840/A/111/A_v1,False,1a - FATAATA-x1840/A/401,1 - FATAATA-x1840/A/401/1,F1a - FATAATA-x1163/A/401/1,A1 - dimer,F1 - original-I222,1a - fa1840/A/401,1 - fa1840/A/401/1,F1a - fa1163/A/401,A1 - dimer,F1 - original-I222,fa1444a,True
fa1444b,FATAATA-x1444_B_360_v1,FATAATA-x1444,Z415653738,NC(=O)c1cccc2[nH]ccc12,FATAATA-x1840/A/111/A_v1,False,1a - FATAATA-x1840/A/401,1 - FATAATA-x1840/A/401/1,F1a - FATAATA-x1163/A/401/1,A1 - dimer,F1 - original-I222,1a - fa1840/A/401,1 - fa1840/A/401/1,F1a - fa1163/A/401,A1 - dimer,F1 - original-I222,fa1444a,True
fa1447a,FATAATA-x1447_A_361_v1,FATAATA-x1447,Z57150899,O=c1ccc2ccc(O)cc2o1,FATAATA-x1840/A/111/A_v1,False,1a - FATAATA-x1840/A/401,1 - FATAATA-x1840/A/401/1,F1a - FATAATA-x1163/A/401/1,A1 - dimer,F1 - original-I222,1a - fa1840/A/401,1 - fa1840/A/401/1,F1a - fa1163/A/401,A1 - dimer,F1 - original-I222,fa1447a,True
fa1447b,FATAATA-x1447_B_360_v1,FATAATA-x1447,Z57150899,O=c1ccc2ccc(O)cc2o1,FATAATA-x1840/A/111/A_v1,False,1a - FATAATA-x1840/A/401,1 - FATAATA-x1840/A/401/1,F1a - FATAATA-x1163/A/401/1,A1 - dimer,F1 - original-I222,1a - fa1840/A/401,1 - fa1840/A/401/1,F1a - fa1163/A/401,A1 - dimer,F1 - original-I222,fa1447a,True
fa1456a,FATAATA-x1456_A_401_v1,FATAATA-x1456,Z203045032,Cc1ccnc(N)c1,FATAATA-x1985/A/195/A_v1,False,3a - FATAATA-x1985/A/360,3 - FATAATA-x1985/A/360/1,F1c - FATAATA-x1184/A/401/1,A1 - dimer,F1 - original-I222,3a - fa1985/A/360,3 - fa1985/A/360/1,F1c - fa1184/A/401,A1 - dimer,F1 - original-I222,fa1456a,True
fa1456b,FATAATA-x1456_B_360_v1,FATAATA-x1456,Z203045032,Cc1ccnc(N)c1,FATAATA-x1985/A/195/A_v1,False,3a - FATAATA-x1985/A/360,3 - FATAATA-x1985/A/360/1,F1c - FATAATA-x1184/A/401/1,A1 - dimer,F1 - original-I222,3a - fa1985/A/360,3 - fa1985/A/360/1,F1c - fa1184/A/401,A1 - dimer,F1 - original-I222,fa1456a,True
fa1457a,FATAATA-x1457_A_360_v1,FATAATA-x1457,Z1192367241,Cc1cc(C)nc(N)c1,FATAATA-x1985/A/195/A_v1,False,3a - FATAATA-x1985/A/360,3 - FATAATA-x1985/A/360/1,F1c - FATAATA-x1184/A/401/1,A1 - dimer,F1 - original-I222,3a - fa1985/A/360,3 - fa1985/A/360/1,F1c - fa1184/A/401,A1 - dimer,F1 - original-I222,fa1457a,True
fa1457b,FATAATA-x1457_B_401_v1,FATAATA-x1457,Z1192367241,Cc1cc(C)nc(N)c1,FATAATA-x1985/A/195/A_v1,False,3a - FATAATA-x1985/A/360,3 - FATAATA-x1985/A/360/1,F1c - FATAATA-x1184/A/401/1,A1 - dimer,F1 - original-I222,3a - fa1985/A/360,3 - fa1985/A/360/1,F1c - fa1184/A/401,A1 - dimer,F1 - original-I222,fa1457a,True
fa1463a,FATAATA-x1463_A_401_v1,FATAATA-x1463,Z56754502,Nc1ccc2oc(=O)ccc2c1,FATAATA-x1840/A/111/A_v1,False,1a - FATAATA-x1840/A/401,1 - FATAATA-x1840/A/401/1,F1a - FATAATA-x1163/A/401/1,A1 - dimer,F1 - original-I222,1a - fa1840/A/401,1 - fa1840/A/401/1,F1a - fa1163/A/401,A1 - dimer,F1 - original-I222,fa1463a,True
fa1463b,FATAATA-x1463_B_360_v1,FATAATA-x1463,Z56754502,Nc1ccc2oc(=O)ccc2c1,FATAATA-x1840/A/111/A_v1,False,1a - FATAATA-x1840/A/401,1 - FATAATA-x1840/A/401/1,F1a - FATAATA-x1163/A/401/1,A1 - dimer,F1 - original-I222,1a - fa1840/A/401,1 - fa1840/A/401/1,F1a - fa1163/A/401,A1 - dimer,F1 - original-I222,fa1463a,True
fa1467a,FATAATA-x1467_A_361_v1,FATAATA-x1467,Z100449516,Cc1occc1C(=O)NCc1ccco1,FATAATA-x1840/A/111/A_v1,False,1a - FATAATA-x1840/A/401,1 - FATAATA-x1840/A/401/1,F1a - FATAATA-x1163/A/401/1,A1 - dimer,F1 - original-I222,1a - fa1840/A/401,1 - fa1840/A/401/1,F1a - fa1163/A/401,A1 - dimer,F1 - original-I222,fa1467a,True
fa1467b,FATAATA-x1467_B_360_v1,FATAATA-x1467,Z100449516,Cc1occc1C(=O)NCc1ccco1,FATAATA-x1840/A/111/A_v1,False,1a - FATAATA-x1840/A/401,1 - FATAATA-x1840/A/401/1,F1a - FATAATA-x1163/A/401/1,A1 - dimer,F1 - original-I222,1a - fa1840/A/401,1 - fa1840/A/401/1,F1a - fa1163/A/401,A1 - dimer,F1 - original-I222,fa1467a,True
fa1497a,FATAATA-x1497_A_360_v1,FATAATA-x1497,Z1101755952,C[C@@H]1CCCN(C(=O)c2cscn2)CC1,FATAATA-x1840/A/111/A_v1,False,1a - FATAATA-x1840/A/401,1 - FATAATA-x1840/A/401/1,F1a - FATAATA-x1163/A/401/1,A1 - dimer,F1 - original-I222,1a - fa1840/A/401,1 - fa1840/A/401/1,F1a - fa1163/A/401,A1 - dimer,F1 - original-I222,fa1497a,True
fa1497b,FATAATA-x1497_B_401_v1,FATAATA-x1497,Z1101755952,C[C@@H]1CCCN(C(=O)c2cscn2)CC1,FATAATA-x1840/A/111/A_v1,False,1a - FATAATA-x1840/A/401,1 - FATAATA-x1840/A/401/1,F1a - FATAATA-x1163/A/401/1,A1 - dimer,F1 - original-I222,1a - fa1840/A/401,1 - fa1840/A/401/1,F1a - fa1163/A/401,A1 - dimer,F1 - original-I222,fa1497a,True
fa1504a,FATAATA-x1504_A_360_v1,FATAATA-x1504,Z1129283193,CC(=O)Nc1cnccc1C,FATAATA-x1840/A/111/A_v1,False,1a - FATAATA-x1840/A/401,1 - FATAATA-x1840/A/401/1,F1a - FATAATA-x1163/A/401/1,A1 - dimer,F1 - original-I222,1a - fa1840/A/401,1 - fa1840/A/401/1,F1a - fa1163/A/401,A1 - dimer,F1 - original-I222,fa1504a,True
fa1504b,FATAATA-x1504_B_401_v1,FATAATA-x1504,Z1129283193,CC(=O)Nc1cnccc1C,FATAATA-x1840/A/111/A_v1,False,1a - FATAATA-x1840/A/401,1 - FATAATA-x1840/A/401/1,F1a - FATAATA-x1163/A/401/1,A1 - dimer,F1 - original-I222,1a - fa1840/A/401,1 - fa1840/A/401/1,F1a - fa1163/A/401,A1 - dimer,F1 - original-I222,fa1504a,True
fa1524a,FATAATA-x1524_A_401_v1,FATAATA-x1524,Z119990900,CS(=O)(=O)Cc1nc2ccccc2[nH]1,FATAATA-x1840/A/111/A_v1,False,1a - FATAATA-x1840/A/401,1 - FATAATA-x1840/A/401/1,F1a - FATAATA-x1163/A/401/1,A1 - dimer,F1 - original-I222,1a - fa1840/A/401,1 - fa1840/A/401/1,F1a - fa1163/A/401,A1 - dimer,F1 - original-I222,fa1524a,True
fa1524b,FATAATA-x1524_B_360_v1,FATAATA-x1524,Z119990900,CS(=O)(=O)Cc1nc2ccccc2[nH]1,FATAATA-x1840/A/111/A_v1,False,1a - FATAATA-x1840/A/401,1 - FATAATA-x1840/A/401/1,F1a - FATAATA-x1163/A/401/1,A1 - dimer,F1 - original-I222,1a - fa1840/A/401,1 - fa1840/A/401/1,F1a - fa1163/A/401,A1 - dimer,F1 - original-I222,fa1524a,True
fa1533a,FATAATA-x1533_A_361_v1,FATAATA-x1533,Z1206890404,CN[C@@H]1CCCN(c2ccccc2)C1=O,FATAATA-x1840/A/111/A_v1,False,1a - FATAATA-x1840/A/401,1 - FATAATA-x1840/A/401/1,F1a - FATAATA-x1163/A/401/1,A1 - dimer,F1 - original-I222,1a - fa1840/A/401,1 - fa1840/A/401/1,F1a - fa1163/A/401,A1 - dimer,F1 - original-I222,fa1533a,True
fa1533b,FATAATA-x1533_B_360_v1,FATAATA-x1533,Z1206890404,CN[C@@H]1CCCN(c2ccccc2)C1=O,FATAATA-x1840/A/111/A_v1,False,1a - FATAATA-x1840/A/401,1 - FATAATA-x1840/A/401/1,F1a - FATAATA-x1163/A/401/1,A1 - dimer,F1 - original-I222,1a - fa1840/A/401,1 - fa1840/A/401/1,F1a - fa1163/A/401,A1 - dimer,F1 - original-I222,fa1533a,True
fa1536a,FATAATA-x1536_A_401_v1,FATAATA-x1536,Z1216822028,CC(C)c1cc2ncccc2[nH]1,FATAATA-x1840/A/111/A_v1,False,1a - FATAATA-x1840/A/401,1 - FATAATA-x1840/A/401/1,F1a - FATAATA-x1163/A/401/1,A1 - dimer,F1 - original-I222,1a - fa1840/A/401,1 - fa1840/A/401/1,F1a - fa1163/A/401,A1 - dimer,F1 - original-I222,fa1536a,True
fa1536b,FATAATA-x1536_B_360_v1,FATAATA-x1536,Z1216822028,CC(C)c1cc2ncccc2[nH]1,FATAATA-x1840/A/111/A_v1,False,1a - FATAATA-x1840/A/401,1 - FATAATA-x1840/A/401/1,F1a - FATAATA-x1163/A/401/1,A1 - dimer,F1 - original-I222,1a - fa1840/A/401,1 - fa1840/A/401/1,F1a - fa1163/A/401,A1 - dimer,F1 - original-I222,fa1536a,True
fa1537a,FATAATA-x1537_A_401_v1,FATAATA-x1537,Z1216833237,CNc1nccc2ccccc12,FATAATA-x1168/A/142/A_v1,False,4a - FATAATA-x1168/A/400,4 - FATAATA-x1168/A/400/1,F1d - FATAATA-x1168/A/400/1,A1 - dimer,F1 - original-I222,4a - fa1168/A/400,4 - fa1168/A/400/1,F1d - fa1168/A/400,A1 - dimer,F1 - original-I222,fa1537a,True
fa1537b,FATAATA-x1537_B_401_v1,FATAATA-x1537,Z1216833237,CNc1nccc2ccccc12,FATAATA-x1168/A/142/A_v1,False,4a - FATAATA-x1168/A/400,4 - FATAATA-x1168/A/400/1,F1d - FATAATA-x1168/A/400/1,A1 - dimer,F1 - original-I222,4a - fa1168/A/400,4 - fa1168/A/400/1,F1d - fa1168/A/400,A1 - dimer,F1 - original-I222,fa1537a,True
fa1539a,FATAATA-x1539_A_401_v1,FATAATA-x1539,Z1216861874,O=c1ccc(OC(F)F)c[nH]1,FATAATA-x1985/A/195/A_v1,False,3a - FATAATA-x1985/A/360,3 - FATAATA-x1985/A/360/1,F1c - FATAATA-x1184/A/401/1,A1 - dimer,F1 - original-I222,3a - fa1985/A/360,3 - fa1985/A/360/1,F1c - fa1184/A/401,A1 - dimer,F1 - original-I222,fa1539a,True
fa1539b,FATAATA-x1539_B_401_v1,FATAATA-x1539,Z1216861874,O=c1ccc(OC(F)F)c[nH]1,FATAATA-x1985/A/195/A_v1,False,3a - FATAATA-x1985/A/360,3 - FATAATA-x1985/A/360/1,F1c - FATAATA-x1184/A/401/1,A1 - dimer,F1 - original-I222,3a - fa1985/A/360,3 - fa1985/A/360/1,F1c - fa1184/A/401,A1 - dimer,F1 - original-I222,fa1539a,True
fa1540a,FATAATA-x1540_A_361_v1,FATAATA-x1540,Z1217131798,Cc1nccn1-c1cccnc1,FATAATA-x1840/A/111/A_v1,False,1a - FATAATA-x1840/A/401,1 - FATAATA-x1840/A/401/1,F1a - FATAATA-x1163/A/401/1,A1 - dimer,F1 - original-I222,1a - fa1840/A/401,1 - fa1840/A/401/1,F1a - fa1163/A/401,A1 - dimer,F1 - original-I222,fa1540a,True
fa1540b,FATAATA-x1540_B_360_v1,FATAATA-x1540,Z1217131798,Cc1nccn1-c1cccnc1,FATAATA-x1840/A/111/A_v1,False,1a - FATAATA-x1840/A/401,1 - FATAATA-x1840/A/401/1,F1a - FATAATA-x1163/A/401/1,A1 - dimer,F1 - original-I222,1a - fa1840/A/401,1 - fa1840/A/401/1,F1a - fa1163/A/401,A1 - dimer,F1 - original-I222,fa1540a,True
fa1541a,FATAATA-x1541_A_360_v1,FATAATA-x1541,Z1220452176,CC(=O)NCCc1c[nH]c2ccc(F)cc12,FATAATA-x1840/A/111/A_v1,False,1a - FATAATA-x1840/A/401,1 - FATAATA-x1840/A/401/1,F1a - FATAATA-x1163/A/401/1,A1 - dimer,F1 - original-I222,1a - fa1840/A/401,1 - fa1840/A/401/1,F1a - fa1163/A/401,A1 - dimer,F1 - original-I222,fa1541a,True
fa1541b,FATAATA-x1541_B_401_v1,FATAATA-x1541,Z1220452176,CC(=O)NCCc1c[nH]c2ccc(F)cc12,FATAATA-x1840/A/111/A_v1,False,1a - FATAATA-x1840/A/401,1 - FATAATA-x1840/A/401/1,F1a - FATAATA-x1163/A/401/1,A1 - dimer,F1 - original-I222,1a - fa1840/A/401,1 - fa1840/A/401/1,F1a - fa1163/A/401,A1 - dimer,F1 - original-I222,fa1541a,True
fa1545a,FATAATA-x1545_A_401_v1,FATAATA-x1545,Z1230795916,CC(C)CNC(=O)c1nccn1C,FATAATA-x1840/A/111/A_v1,False,1a - FATAATA-x1840/A/401,1 - FATAATA-x1840/A/401/1,F1a - FATAATA-x1163/A/401/1,A1 - dimer,F1 - original-I222,1a - fa1840/A/401,1 - fa1840/A/401/1,F1a - fa1163/A/401,A1 - dimer,F1 - original-I222,fa1545a,True
fa1545b,FATAATA-x1545_B_401_v1,FATAATA-x1545,Z1230795916,CC(C)CNC(=O)c1nccn1C,FATAATA-x1840/A/111/A_v1,False,1a - FATAATA-x1840/A/401,1 - FATAATA-x1840/A/401/1,F1a - FATAATA-x1163/A/401/1,A1 - dimer,F1 - original-I222,1a - fa1840/A/401,1 - fa1840/A/401/1,F1a - fa1163/A/401,A1 - dimer,F1 - original-I222,fa1545a,True
fa1563a,FATAATA-x1563_A_361_v1,FATAATA-x1563,Z1259207775,Cn1cc(N)c(C(=O)NC2CCC2)n1,FATAATA-x1840/A/111/A_v1,False,1a - FATAATA-x1840/A/401,1 - FATAATA-x1840/A/401/1,F1a - FATAATA-x1163/A/401/1,A1 - dimer,F1 - original-I222,1a - fa1840/A/401,1 - fa1840/A/401/1,F1a - fa1163/A/401,A1 - dimer,F1 - original-I222,fa1563a,True
fa1563b,FATAATA-x1563_B_401_v1,FATAATA-x1563,Z1259207775,Cn1cc(N)c(C(=O)NC2CCC2)n1,FATAATA-x1840/A/111/A_v1,False,1a - FATAATA-x1840/A/401,1 - FATAATA-x1840/A/401/1,F1a - FATAATA-x1163/A/401/1,A1 - dimer,F1 - original-I222,1a - fa1840/A/401,1 - fa1840/A/401/1,F1a - fa1163/A/401,A1 - dimer,F1 - original-I222,fa1563a,True
fa1571a,FATAATA-x1571_A_361_v1,FATAATA-x1571,Z1265813904,CN(C)C(=O)c1cc2cccc(F)c2o1,FATAATA-x1840/A/111/A_v1,False,1a - FATAATA-x1840/A/401,1 - FATAATA-x1840/A/401/1,F1a - FATAATA-x1163/A/401/1,A1 - dimer,F1 - original-I222,1a - fa1840/A/401,1 - fa1840/A/401/1,F1a - fa1163/A/401,A1 - dimer,F1 - original-I222,fa1571a,True
fa1571b,FATAATA-x1571_B_360_v1,FATAATA-x1571,Z1265813904,CN(C)C(=O)c1cc2cccc(F)c2o1,FATAATA-x1840/A/111/A_v1,False,1a - FATAATA-x1840/A/401,1 - FATAATA-x1840/A/401/1,F1a - FATAATA-x1163/A/401/1,A1 - dimer,F1 - original-I222,1a - fa1840/A/401,1 - fa1840/A/401/1,F1a - fa1163/A/401,A1 - dimer,F1 - original-I222,fa1571a,True
fa1573a,FATAATA-x1573_A_361_v1,FATAATA-x1573,Z1267773765,CN[C@@H]1CCN(c2ccccc2F)C1=O,FATAATA-x1840/A/111/A_v1,False,1a - FATAATA-x1840/A/401,1 - FATAATA-x1840/A/401/1,F1a - FATAATA-x1163/A/401/1,A1 - dimer,F1 - original-I222,1a - fa1840/A/401,1 - fa1840/A/401/1,F1a - fa1163/A/401,A1 - dimer,F1 - original-I222,fa1573a,True
fa1573b,FATAATA-x1573_B_360_v1,FATAATA-x1573,Z1267773765,CN[C@@H]1CCN(c2ccccc2F)C1=O,FATAATA-x1840/A/111/A_v1,False,1a - FATAATA-x1840/A/401,1 - FATAATA-x1840/A/401/1,F1a - FATAATA-x1163/A/401/1,A1 - dimer,F1 - original-I222,1a - fa1840/A/401,1 - fa1840/A/401/1,F1a - fa1163/A/401,A1 - dimer,F1 - original-I222,fa1573a,True
fa1596a,FATAATA-x1596_A_361_v1,FATAATA-x1596,Z1342868616,OC1CN(C(c2ccccc2)c2ccccc2)C1,FATAATA-x1840/A/111/A_v1,False,1a - FATAATA-x1840/A/401,1 - FATAATA-x1840/A/401/1,F1a - FATAATA-x1163/A/401/1,A1 - dimer,F1 - original-I222,1a - fa1840/A/401,1 - fa1840/A/401/1,F1a - fa1163/A/401,A1 - dimer,F1 - original-I222,fa1596a,True
fa1596b,FATAATA-x1596_B_360_v1,FATAATA-x1596,Z1342868616,OC1CN(C(c2ccccc2)c2ccccc2)C1,FATAATA-x1840/A/111/A_v1,False,1a - FATAATA-x1840/A/401,1 - FATAATA-x1840/A/401/1,F1a - FATAATA-x1163/A/401/1,A1 - dimer,F1 - original-I222,1a - fa1840/A/401,1 - fa1840/A/401/1,F1a - fa1163/A/401,A1 - dimer,F1 - original-I222,fa1596a,True
fa1614a,FATAATA-x1614_A_361_v1,FATAATA-x1614,Z1449748885,COc1ccc(NC(=O)C[NH3+])cc1,FATAATA-x1840/A/111/A_v1,False,1a - FATAATA-x1840/A/401,1 - FATAATA-x1840/A/401/1,F1a - FATAATA-x1163/A/401/1,A1 - dimer,F1 - original-I222,1a - fa1840/A/401,1 - fa1840/A/401/1,F1a - fa1163/A/401,A1 - dimer,F1 - original-I222,fa1614a,True
fa1614b,FATAATA-x1614_B_360_v1,FATAATA-x1614,Z1449748885,COc1ccc(NC(=O)C[NH3+])cc1,FATAATA-x1840/A/111/A_v1,False,1a - FATAATA-x1840/A/401,1 - FATAATA-x1840/A/401/1,F1a - FATAATA-x1163/A/401/1,A1 - dimer,F1 - original-I222,1a - fa1840/A/401,1 - fa1840/A/401/1,F1a - fa1163/A/401,A1 - dimer,F1 - original-I222,fa1614a,True
fa1620a,FATAATA-x1620_A_401_v1,FATAATA-x1620,Z147646786,O=C([O-])COCc1ccccc1,FATAATA-x1840/A/111/A_v1,False,1a - FATAATA-x1840/A/401,1 - FATAATA-x1840/A/401/1,F1a - FATAATA-x1163/A/401/1,A1 - dimer,F1 - original-I222,1a - fa1840/A/401,1 - fa1840/A/401/1,F1a - fa1163/A/401,A1 - dimer,F1 - original-I222,fa1620a,True
fa1620b,FATAATA-x1620_B_401_v1,FATAATA-x1620,Z147646786,O=C([O-])COCc1ccccc1,FATAATA-x1840/A/111/A_v1,False,1a - FATAATA-x1840/A/401,1 - FATAATA-x1840/A/401/1,F1a - FATAATA-x1163/A/401/1,A1 - dimer,F1 - original-I222,1a - fa1840/A/401,1 - fa1840/A/401/1,F1a - fa1163/A/401,A1 - dimer,F1 - original-I222,fa1620a,True
fa1629a,FATAATA-x1629_A_401_v1,FATAATA-x1629,Z1503180352,COc1cccc2c1CCCC(=O)N2,FATAATA-x1840/A/111/A_v1,False,1a - FATAATA-x1840/A/401,1 - FATAATA-x1840/A/401/1,F1a - FATAATA-x1163/A/401/1,A1 - dimer,F1 - original-I222,1a - fa1840/A/401,1 - fa1840/A/401/1,F1a - fa1163/A/401,A1 - dimer,F1 - original-I222,fa1629a,True
fa1629b,FATAATA-x1629_B_360_v1,FATAATA-x1629,Z1503180352,COc1cccc2c1CCCC(=O)N2,FATAATA-x1840/A/111/A_v1,False,1a - FATAATA-x1840/A/401,1 - FATAATA-x1840/A/401/1,F1a - FATAATA-x1163/A/401/1,A1 - dimer,F1 - original-I222,1a - fa1840/A/401,1 - fa1840/A/401/1,F1a - fa1163/A/401,A1 - dimer,F1 - original-I222,fa1629a,True
fa1644a,FATAATA-x1644_A_360_v1,FATAATA-x1644,Z1562205518,NC(=O)c1cnn(CCO)c1,FATAATA-x1985/A/195/A_v1,False,3a - FATAATA-x1985/A/360,3 - FATAATA-x1985/A/360/1,F1c - FATAATA-x1184/A/401/1,A1 - dimer,F1 - original-I222,3a - fa1985/A/360,3 - fa1985/A/360/1,F1c - fa1184/A/401,A1 - dimer,F1 - original-I222,fa1644a,True
fa1644b,FATAATA-x1644_B_401_v1,FATAATA-x1644,Z1562205518,NC(=O)c1cnn(CCO)c1,FATAATA-x1985/A/195/A_v1,False,3a - FATAATA-x1985/A/360,3 - FATAATA-x1985/A/360/1,F1c - FATAATA-x1184/A/401/1,A1 - dimer,F1 - original-I222,3a - fa1985/A/360,3 - fa1985/A/360/1,F1c - fa1184/A/401,A1 - dimer,F1 - original-I222,fa1644a,True
fa1647a,FATAATA-x1647_A_501_v1,FATAATA-x1647,Z1575337975,Fc1ccc(-c2cc[nH]n2)nc1,FATAATA-x1840/A/111/A_v1,False,1a - FATAATA-x1840/A/401,1 - FATAATA-x1840/A/401/1,F1a - FATAATA-x1163/A/401/1,A1 - dimer,F1 - original-I222,1a - fa1840/A/401,1 - fa1840/A/401/1,F1a - fa1163/A/401,A1 - dimer,F1 - original-I222,fa1647a,True
fa1647b,FATAATA-x1647_A_502_v1,FATAATA-x1647,Z1575337975,Fc1ccc(-c2cc[nH]n2)nc1,FATAATA-x1840/A/111/A_v1,False,1a - FATAATA-x1840/A/401,1 - FATAATA-x1840/A/401/1,F1a - FATAATA-x1163/A/401/1,A1 - dimer,F1 - original-I222,1a - fa1840/A/401,1 - fa1840/A/401/1,F1a - fa1163/A/401,A1 - dimer,F1 - original-I222,fa1647a,True
fa1647c,FATAATA-x1647_A_503_v1,FATAATA-x1647,Z1575337975,Fc1ccc(-c2cc[nH]n2)nc1,FATAATA-x1840/A/111/A_v1,False,1a - FATAATA-x1840/A/401,1 - FATAATA-x1840/A/401/1,F1a - FATAATA-x1163/A/401/1,A1 - dimer,F1 - original-I222,1a - fa1840/A/401,1 - fa1840/A/401/1,F1a - fa1163/A/401,A1 - dimer,F1 - original-I222,fa1647a,True
fa1647d,FATAATA-x1647_B_360_v1,FATAATA-x1647,Z1575337975,Fc1ccc(-c2cc[nH]n2)nc1,FATAATA-x1840/A/111/A_v1,False,1a - FATAATA-x1840/A/401,1 - FATAATA-x1840/A/401/1,F1a - FATAATA-x1163/A/401/1,A1 - dimer,F1 - original-I222,1a - fa1840/A/401,1 - fa1840/A/401/1,F1a - fa1163/A/401,A1 - dimer,F1 - original-I222,fa1647a,True
fa1647e,FATAATA-x1647_B_401_v1,FATAATA-x1647,Z1575337975,Fc1ccc(-c2cc[nH]n2)nc1,FATAATA-x1840/A/111/A_v1,False,1a - FATAATA-x1840/A/401,1 - FATAATA-x1840/A/401/1,F1a - FATAATA-x1163/A/401/1,A1 - dimer,F1 - original-I222,1a - fa1840/A/401,1 - fa1840/A/401/1,F1a - fa1163/A/401,A1 - dimer,F1 - original-I222,fa1647a,True
fa1647f,FATAATA-x1647_B_402_v1,FATAATA-x1647,Z1575337975,Fc1ccc(-c2cc[nH]n2)nc1,FATAATA-x1840/A/111/A_v1,False,1a - FATAATA-x1840/A/401,1 - FATAATA-x1840/A/401/1,F1a - FATAATA-x1163/A/401/1,A1 - dimer,F1 - original-I222,1a - fa1840/A/401,1 - fa1840/A/401/1,F1a - fa1163/A/401,A1 - dimer,F1 - original-I222,fa1647a,True
fa1652a,FATAATA-x1652_A_401_v1,FATAATA-x1652,Z1601639621,Fc1cccnc1N[C@H]1CCCOCC1,FATAATA-x1840/A/111/A_v1,False,1a - FATAATA-x1840/A/401,1 - FATAATA-x1840/A/401/1,F1a - FATAATA-x1163/A/401/1,A1 - dimer,F1 - original-I222,1a - fa1840/A/401,1 - fa1840/A/401/1,F1a - fa1163/A/401,A1 - dimer,F1 - original-I222,fa1652a,True
fa1652b,FATAATA-x1652_B_401_v1,FATAATA-x1652,Z1601639621,Fc1cccnc1N[C@H]1CCCOCC1,FATAATA-x1840/A/111/A_v1,False,1a - FATAATA-x1840/A/401,1 - FATAATA-x1840/A/401/1,F1a - FATAATA-x1163/A/401/1,A1 - dimer,F1 - original-I222,1a - fa1840/A/401,1 - fa1840/A/401/1,F1a - fa1163/A/401,A1 - dimer,F1 - original-I222,fa1652a,True
fa1657a,FATAATA-x1657_A_361_v1,FATAATA-x1657,Z1639162606,CNS(=O)(=O)c1cccc(C)c1F,FATAATA-x1840/A/111/A_v1,False,1a - FATAATA-x1840/A/401,1 - FATAATA-x1840/A/401/1,F1a - FATAATA-x1163/A/401/1,A1 - dimer,F1 - original-I222,1a - fa1840/A/401,1 - fa1840/A/401/1,F1a - fa1163/A/401,A1 - dimer,F1 - original-I222,fa1657a,True
fa1657b,FATAATA-x1657_B_401_v1,FATAATA-x1657,Z1639162606,CNS(=O)(=O)c1cccc(C)c1F,FATAATA-x1840/A/111/A_v1,False,1a - FATAATA-x1840/A/401,1 - FATAATA-x1840/A/401/1,F1a - FATAATA-x1163/A/401/1,A1 - dimer,F1 - original-I222,1a - fa1840/A/401,1 - fa1840/A/401/1,F1a - fa1163/A/401,A1 - dimer,F1 - original-I222,fa1657a,True
fa1682a,FATAATA-x1682_A_401_v1,FATAATA-x1682,Z1916655441,NCc1noc(-c2ccccc2F)n1,FATAATA-x1840/A/111/A_v1,False,1a - FATAATA-x1840/A/401,1 - FATAATA-x1840/A/401/1,F1a - FATAATA-x1163/A/401/1,A1 - dimer,F1 - original-I222,1a - fa1840/A/401,1 - fa1840/A/401/1,F1a - fa1163/A/401,A1 - dimer,F1 - original-I222,fa1682a,True
fa1682b,FATAATA-x1682_B_401_v1,FATAATA-x1682,Z1916655441,NCc1noc(-c2ccccc2F)n1,FATAATA-x1840/A/111/A_v1,False,1a - FATAATA-x1840/A/401,1 - FATAATA-x1840/A/401/1,F1a - FATAATA-x1163/A/401/1,A1 - dimer,F1 - original-I222,1a - fa1840/A/401,1 - fa1840/A/401/1,F1a - fa1163/A/401,A1 - dimer,F1 - original-I222,fa1682a,True
fa1684a,FATAATA-x1684_A_360_v1,FATAATA-x1684,Z192955056,COC(=O)N1CCN(c2ccc(F)cc2)CC1,FATAATA-x1840/A/111/A_v1,False,1a - FATAATA-x1840/A/401,1 - FATAATA-x1840/A/401/1,F1a - FATAATA-x1163/A/401/1,A1 - dimer,F1 - original-I222,1a - fa1840/A/401,1 - fa1840/A/401/1,F1a - fa1163/A/401,A1 - dimer,F1 - original-I222,fa1684a,True
fa1684b,FATAATA-x1684_B_401_v1,FATAATA-x1684,Z192955056,COC(=O)N1CCN(c2ccc(F)cc2)CC1,FATAATA-x1840/A/111/A_v1,False,1a - FATAATA-x1840/A/401,1 - FATAATA-x1840/A/401/1,F1a - FATAATA-x1163/A/401/1,A1 - dimer,F1 - original-I222,1a - fa1840/A/401,1 - fa1840/A/401/1,F1a - fa1163/A/401,A1 - dimer,F1 - original-I222,fa1684a,True
fa1708a,FATAATA-x1708_A_361_v1,FATAATA-x1708,Z2072621991,O=C(COC(F)F)N1C[C@H]2CCC[C@H]2C1,FATAATA-x1840/A/111/A_v1,False,1a - FATAATA-x1840/A/401,1 - FATAATA-x1840/A/401/1,F1a - FATAATA-x1163/A/401/1,A1 - dimer,F1 - original-I222,1a - fa1840/A/401,1 - fa1840/A/401/1,F1a - fa1163/A/401,A1 - dimer,F1 - original-I222,fa1708a,True
fa1708b,FATAATA-x1708_B_360_v1,FATAATA-x1708,Z2072621991,O=C(COC(F)F)N1C[C@H]2CCC[C@H]2C1,FATAATA-x1840/A/111/A_v1,False,1a - FATAATA-x1840/A/401,1 - FATAATA-x1840/A/401/1,F1a - FATAATA-x1163/A/401/1,A1 - dimer,F1 - original-I222,1a - fa1840/A/401,1 - fa1840/A/401/1,F1a - fa1163/A/401,A1 - dimer,F1 - original-I222,fa1708a,True
fa1721a,FATAATA-x1721_A_360_v1,FATAATA-x1721,Z2217052426,C[C@H]1[C@H](O)CCCN1Cc1ccccc1,FATAATA-x1840/A/111/A_v1,False,1a - FATAATA-x1840/A/401,1 - FATAATA-x1840/A/401/1,F1a - FATAATA-x1163/A/401/1,A1 - dimer,F1 - original-I222,1a - fa1840/A/401,1 - fa1840/A/401/1,F1a - fa1163/A/401,A1 - dimer,F1 - original-I222,fa1721a,True
fa1721b,FATAATA-x1721_B_401_v1,FATAATA-x1721,Z2217052426,C[C@H]1[C@H](O)CCCN1Cc1ccccc1,FATAATA-x1840/A/111/A_v1,False,1a - FATAATA-x1840/A/401,1 - FATAATA-x1840/A/401/1,F1a - FATAATA-x1163/A/401/1,A1 - dimer,F1 - original-I222,1a - fa1840/A/401,1 - fa1840/A/401/1,F1a - fa1163/A/401,A1 - dimer,F1 - original-I222,fa1721a,True
fa1735a,FATAATA-x1735_A_360_v1,FATAATA-x1735,Z228587394,COc1ccnc(N2CCNCC2)n1,FATAATA-x1985/A/195/A_v1,False,3a - FATAATA-x1985/A/360,3 - FATAATA-x1985/A/360/1,F1c - FATAATA-x1184/A/401/1,A1 - dimer,F1 - original-I222,3a - fa1985/A/360,3 - fa1985/A/360/1,F1c - fa1184/A/401,A1 - dimer,F1 - original-I222,fa1735a,True
fa1735b,FATAATA-x1735_B_401_v1,FATAATA-x1735,Z228587394,COc1ccnc(N2CCNCC2)n1,FATAATA-x1985/A/195/A_v1,False,3a - FATAATA-x1985/A/360,3 - FATAATA-x1985/A/360/1,F1c - FATAATA-x1184/A/401/1,A1 - dimer,F1 - original-I222,3a - fa1985/A/360,3 - fa1985/A/360/1,F1c - fa1184/A/401,A1 - dimer,F1 - original-I222,fa1735a,True
fa1747a,FATAATA-x1747_A_401_v1,FATAATA-x1747,Z239127534,Nc1cccc(OCc2ccccc2)c1,FATAATA-x1840/A/111/A_v1,False,1a - FATAATA-x1840/A/401,1 - FATAATA-x1840/A/401/1,F1a - FATAATA-x1163/A/401/1,A1 - dimer,F1 - original-I222,1a - fa1840/A/401,1 - fa1840/A/401/1,F1a - fa1163/A/401,A1 - dimer,F1 - original-I222,fa1747a,True
fa1747b,FATAATA-x1747_A_402_v1,FATAATA-x1747,Z239127534,Nc1cccc(OCc2ccccc2)c1,FATAATA-x1840/A/111/A_v1,False,1a - FATAATA-x1840/A/401,1 - FATAATA-x1840/A/401/1,F1a - FATAATA-x1163/A/401/1,A1 - dimer,F1 - original-I222,1a - fa1840/A/401,1 - fa1840/A/401/1,F1a - fa1163/A/401,A1 - dimer,F1 - original-I222,fa1747a,True
fa1747c,FATAATA-x1747_B_360_v1,FATAATA-x1747,Z239127534,Nc1cccc(OCc2ccccc2)c1,FATAATA-x1840/A/111/A_v1,False,1a - FATAATA-x1840/A/401,1 - FATAATA-x1840/A/401/1,F1a - FATAATA-x1163/A/401/1,A1 - dimer,F1 - original-I222,1a - fa1840/A/401,1 - fa1840/A/401/1,F1a - fa1163/A/401,A1 - dimer,F1 - original-I222,fa1747a,True
fa1747d,FATAATA-x1747_B_401_v1,FATAATA-x1747,Z239127534,Nc1cccc(OCc2ccccc2)c1,FATAATA-x1840/A/111/A_v1,False,1a - FATAATA-x1840/A/401,1 - FATAATA-x1840/A/401/1,F1a - FATAATA-x1163/A/401/1,A1 - dimer,F1 - original-I222,1a - fa1840/A/401,1 - fa1840/A/401/1,F1a - fa1163/A/401,A1 - dimer,F1 - original-I222,fa1747a,True
fa1754a,FATAATA-x1754_A_401_v1,FATAATA-x1754,Z240654968,CCCC(=O)Nc1cccnc1Cl,FATAATA-x1840/A/111/A_v1,False,1a - FATAATA-x1840/A/401,1 - FATAATA-x1840/A/401/1,F1a - FATAATA-x1163/A/401/1,A1 - dimer,F1 - original-I222,1a - fa1840/A/401,1 - fa1840/A/401/1,F1a - fa1163/A/401,A1 - dimer,F1 - original-I222,fa1754a,True
fa1754b,FATAATA-x1754_B_401_v1,FATAATA-x1754,Z240654968,CCCC(=O)Nc1cccnc1Cl,FATAATA-x1840/A/111/A_v1,False,1a - FATAATA-x1840/A/401,1 - FATAATA-x1840/A/401/1,F1a - FATAATA-x1163/A/401/1,A1 - dimer,F1 - original-I222,1a - fa1840/A/401,1 - fa1840/A/401/1,F1a - fa1163/A/401,A1 - dimer,F1 - original-I222,fa1754a,True
fa1758a,FATAATA-x1758_A_360_v1,FATAATA-x1758,Z24758179,COC(=O)c1cccc(NS(C)(=O)=O)c1,FATAATA-x1840/A/111/A_v1,False,1a - FATAATA-x1840/A/401,1 - FATAATA-x1840/A/401/1,F1a - FATAATA-x1163/A/401/1,A1 - dimer,F1 - original-I222,1a - fa1840/A/401,1 - fa1840/A/401/1,F1a - fa1163/A/401,A1 - dimer,F1 - original-I222,fa1758a,True
fa1758b,FATAATA-x1758_B_401_v1,FATAATA-x1758,Z24758179,COC(=O)c1cccc(NS(C)(=O)=O)c1,FATAATA-x1840/A/111/A_v1,False,1a - FATAATA-x1840/A/401,1 - FATAATA-x1840/A/401/1,F1a - FATAATA-x1163/A/401/1,A1 - dimer,F1 - original-I222,1a - fa1840/A/401,1 - fa1840/A/401/1,F1a - fa1163/A/401,A1 - dimer,F1 - original-I222,fa1758a,True
fa1762a,FATAATA-x1762_A_361_v1,FATAATA-x1762,Z254580486,CN(C)C(=O)Cn1cccn1,FATAATA-x1840/A/111/A_v1,False,1a - FATAATA-x1840/A/401,1 - FATAATA-x1840/A/401/1,F1a - FATAATA-x1163/A/401/1,A1 - dimer,F1 - original-I222,1a - fa1840/A/401,1 - fa1840/A/401/1,F1a - fa1163/A/401,A1 - dimer,F1 - original-I222,fa1762a,True
fa1762b,FATAATA-x1762_B_401_v1,FATAATA-x1762,Z254580486,CN(C)C(=O)Cn1cccn1,FATAATA-x1840/A/111/A_v1,False,1a - FATAATA-x1840/A/401,1 - FATAATA-x1840/A/401/1,F1a - FATAATA-x1163/A/401/1,A1 - dimer,F1 - original-I222,1a - fa1840/A/401,1 - fa1840/A/401/1,F1a - fa1163/A/401,A1 - dimer,F1 - original-I222,fa1762a,True
fa1763a,FATAATA-x1763_A_360_v1,FATAATA-x1763,Z2574937229,COc1ccc([C@H](N)c2ccccc2)cc1,FATAATA-x1985/A/195/A_v1,False,3a - FATAATA-x1985/A/360,3 - FATAATA-x1985/A/360/1,F1c - FATAATA-x1184/A/401/1,A1 - dimer,F1 - original-I222,3a - fa1985/A/360,3 - fa1985/A/360/1,F1c - fa1184/A/401,A1 - dimer,F1 - original-I222,fa1763a,True
fa1763b,FATAATA-x1763_B_401_v1,FATAATA-x1763,Z2574937229,COc1ccc([C@H](N)c2ccccc2)cc1,FATAATA-x1985/A/195/A_v1,False,3a - FATAATA-x1985/A/360,3 - FATAATA-x1985/A/360/1,F1c - FATAATA-x1184/A/401/1,A1 - dimer,F1 - original-I222,3a - fa1985/A/360,3 - fa1985/A/360/1,F1c - fa1184/A/401,A1 - dimer,F1 - original-I222,fa1763a,True
fa1766a,FATAATA-x1766_A_401_v1,FATAATA-x1766,Z262247854,COCC(=O)N[C@@]1(C)CCS(=O)(=O)C1,FATAATA-x1840/A/111/A_v1,False,1a - FATAATA-x1840/A/401,1 - FATAATA-x1840/A/401/1,F1a - FATAATA-x1163/A/401/1,A1 - dimer,F1 - original-I222,1a - fa1840/A/401,1 - fa1840/A/401/1,F1a - fa1163/A/401,A1 - dimer,F1 - original-I222,fa1766a,True
fa1766b,FATAATA-x1766_B_401_v1,FATAATA-x1766,Z262247854,COCC(=O)N[C@@]1(C)CCS(=O)(=O)C1,FATAATA-x1840/A/111/A_v1,False,1a - FATAATA-x1840/A/401,1 - FATAATA-x1840/A/401/1,F1a - FATAATA-x1163/A/401/1,A1 - dimer,F1 - original-I222,1a - fa1840/A/401,1 - fa1840/A/401/1,F1a - fa1163/A/401,A1 - dimer,F1 - original-I222,fa1766a,True
fa1769a,FATAATA-x1769_A_401_v1,FATAATA-x1769,Z2643472210,Cn1ccc(C(=O)NC[C@@H]2CCCO2)n1,FATAATA-x1985/A/195/A_v1,False,3a - FATAATA-x1985/A/360,3 - FATAATA-x1985/A/360/1,F1c - FATAATA-x1184/A/401/1,A1 - dimer,F1 - original-I222,3a - fa1985/A/360,3 - fa1985/A/360/1,F1c - fa1184/A/401,A1 - dimer,F1 - original-I222,fa1769a,True
fa1769b,FATAATA-x1769_B_401_v1,FATAATA-x1769,Z2643472210,Cn1ccc(C(=O)NC[C@@H]2CCCO2)n1,FATAATA-x1985/A/195/A_v1,False,3a - FATAATA-x1985/A/360,3 - FATAATA-x1985/A/360/1,F1c - FATAATA-x1184/A/401/1,A1 - dimer,F1 - original-I222,3a - fa1985/A/360,3 - fa1985/A/360/1,F1c - fa1184/A/401,A1 - dimer,F1 - original-I222,fa1769a,True
fa1779a,FATAATA-x1779_A_360_v1,FATAATA-x1779,Z26823525,CCc1nnc(NC(=O)[C@H]2CCCO2)s1,FATAATA-x1840/A/111/A_v1,False,1a - FATAATA-x1840/A/401,1 - FATAATA-x1840/A/401/1,F1a - FATAATA-x1163/A/401/1,A1 - dimer,F1 - original-I222,1a - fa1840/A/401,1 - fa1840/A/401/1,F1a - fa1163/A/401,A1 - dimer,F1 - original-I222,fa1779a,True
fa1779b,FATAATA-x1779_B_401_v1,FATAATA-x1779,Z26823525,CCc1nnc(NC(=O)[C@H]2CCCO2)s1,FATAATA-x1840/A/111/A_v1,False,1a - FATAATA-x1840/A/401,1 - FATAATA-x1840/A/401/1,F1a - FATAATA-x1163/A/401/1,A1 - dimer,F1 - original-I222,1a - fa1840/A/401,1 - fa1840/A/401/1,F1a - fa1163/A/401,A1 - dimer,F1 - original-I222,fa1779a,True
fa1791a,FATAATA-x1791_A_401_v1,FATAATA-x1791,Z274575916,Cc1cc(N2CCNCC2)nc(C)n1,FATAATA-x1985/A/195/A_v1,False,3a - FATAATA-x1985/A/360,3 - FATAATA-x1985/A/360/1,F1c - FATAATA-x1184/A/401/1,A1 - dimer,F1 - original-I222,3a - fa1985/A/360,3 - fa1985/A/360/1,F1c - fa1184/A/401,A1 - dimer,F1 - original-I222,fa1791a,True
fa1791b,FATAATA-x1791_B_360_v1,FATAATA-x1791,Z274575916,Cc1cc(N2CCNCC2)nc(C)n1,FATAATA-x1985/A/195/A_v1,False,3a - FATAATA-x1985/A/360,3 - FATAATA-x1985/A/360/1,F1c - FATAATA-x1184/A/401/1,A1 - dimer,F1 - original-I222,3a - fa1985/A/360,3 - fa1985/A/360/1,F1c - fa1184/A/401,A1 - dimer,F1 - original-I222,fa1791a,True
fa1794a,FATAATA-x1794_A_401_v1,FATAATA-x1794,Z275165822,CC(=O)N1CCN(c2ccc(Cl)cc2)CC1,FATAATA-x1840/A/111/A_v1,False,1a - FATAATA-x1840/A/401,1 - FATAATA-x1840/A/401/1,F1a - FATAATA-x1163/A/401/1,A1 - dimer,F1 - original-I222,1a - fa1840/A/401,1 - fa1840/A/401/1,F1a - fa1163/A/401,A1 - dimer,F1 - original-I222,fa1794a,True
fa1794b,FATAATA-x1794_B_360_v1,FATAATA-x1794,Z275165822,CC(=O)N1CCN(c2ccc(Cl)cc2)CC1,FATAATA-x1840/A/111/A_v1,False,1a - FATAATA-x1840/A/401,1 - FATAATA-x1840/A/401/1,F1a - FATAATA-x1163/A/401/1,A1 - dimer,F1 - original-I222,1a - fa1840/A/401,1 - fa1840/A/401/1,F1a - fa1163/A/401,A1 - dimer,F1 - original-I222,fa1794a,True
fa1809a,FATAATA-x1809_A_361_v1,FATAATA-x1809,Z285233820,COc1ccccc1-c1nnc(N)o1,FATAATA-x1168/A/142/A_v1,False,4a - FATAATA-x1168/A/400,4 - FATAATA-x1168/A/400/1,F1d - FATAATA-x1168/A/400/1,A1 - dimer,F1 - original-I222,4a - fa1168/A/400,4 - fa1168/A/400/1,F1d - fa1168/A/400,A1 - dimer,F1 - original-I222,fa1809a,True
fa1809b,FATAATA-x1809_B_401_v1,FATAATA-x1809,Z285233820,COc1ccccc1-c1nnc(N)o1,FATAATA-x1168/A/142/A_v1,False,4a - FATAATA-x1168/A/400,4 - FATAATA-x1168/A/400/1,F1d - FATAATA-x1168/A/400/1,A1 - dimer,F1 - original-I222,4a - fa1168/A/400,4 - fa1168/A/400/1,F1d - fa1168/A/400,A1 - dimer,F1 - original-I222,fa1809a,True
fa1816a,FATAATA-x1816_A_360_v1,FATAATA-x1816,Z28870646,CC(=O)N1c2ccccc2CC[C@H]1C,FATAATA-x1840/A/111/A_v1,False,1a - FATAATA-x1840/A/401,1 - FATAATA-x1840/A/401/1,F1a - FATAATA-x1163/A/401/1,A1 - dimer,F1 - original-I222,1a - fa1840/A/401,1 - fa1840/A/401/1,F1a - fa1163/A/401,A1 - dimer,F1 - original-I222,fa1816a,True
fa1816b,FATAATA-x1816_B_401_v1,FATAATA-x1816,Z28870646,CC(=O)N1c2ccccc2CC[C@H]1C,FATAATA-x1840/A/111/A_v1,False,1a - FATAATA-x1840/A/401,1 - FATAATA-x1840/A/401/1,F1a - FATAATA-x1163/A/401/1,A1 - dimer,F1 - original-I222,1a - fa1840/A/401,1 - fa1840/A/401/1,F1a - fa1163/A/401,A1 - dimer,F1 - original-I222,fa1816a,True
fa1821a,FATAATA-x1821_A_401_v1,FATAATA-x1821,Z295205242,Cc1nccn1Cc1cccc(C#N)c1,FATAATA-x1147/B/258/A_v1,False,2a - FATAATA-x1147/A/360,2 - FATAATA-x1147/A/360/1,F1b - FATAATA-x1142/A/361/1,A1 - dimer,F1 - original-I222,2a - fa1147/A/360,2 - fa1147/A/360/1,F1b - fa1142/A/361,A1 - dimer,F1 - original-I222,fa1821a,True
fa1821b,FATAATA-x1821_B_360_v1,FATAATA-x1821,Z295205242,Cc1nccn1Cc1cccc(C#N)c1,FATAATA-x1147/B/258/A_v1,False,2a - FATAATA-x1147/A/360,2 - FATAATA-x1147/A/360/1,F1b - FATAATA-x1142/A/361/1,A1 - dimer,F1 - original-I222,2a - fa1147/A/360,2 - fa1147/A/360/1,F1b - fa1142/A/361,A1 - dimer,F1 - original-I222,fa1821a,True
fa1832a,FATAATA-x1832_A_360_v1,FATAATA-x1832,Z30857828,CC(=O)NCCc1ccc(S(N)(=O)=O)cc1,FATAATA-x1840/A/111/A_v1,False,1a - FATAATA-x1840/A/401,1 - FATAATA-x1840/A/401/1,F1a - FATAATA-x1163/A/401/1,A1 - dimer,F1 - original-I222,1a - fa1840/A/401,1 - fa1840/A/401/1,F1a - fa1163/A/401,A1 - dimer,F1 - original-I222,fa1832a,True
fa1832b,FATAATA-x1832_B_401_v1,FATAATA-x1832,Z30857828,CC(=O)NCCc1ccc(S(N)(=O)=O)cc1,FATAATA-x1840/A/111/A_v1,False,1a - FATAATA-x1840/A/401,1 - FATAATA-x1840/A/401/1,F1a - FATAATA-x1163/A/401/1,A1 - dimer,F1 - original-I222,1a - fa1840/A/401,1 - fa1840/A/401/1,F1a - fa1163/A/401,A1 - dimer,F1 - original-I222,fa1832a,True
fa1840a,FATAATA-x1840_A_401_v1,FATAATA-x1840,Z31478129,CCOC(=O)NCc1ccccc1,FATAATA-x1840/A/111/A_v1,False,1a - FATAATA-x1840/A/401,1 - FATAATA-x1840/A/401/1,F1a - FATAATA-x1163/A/401/1,A1 - dimer,F1 - original-I222,1a - fa1840/A/401,1 - fa1840/A/401/1,F1a - fa1163/A/401,A1 - dimer,F1 - original-I222,fa1840a,True
fa1840b,FATAATA-x1840_B_360_v1,FATAATA-x1840,Z31478129,CCOC(=O)NCc1ccccc1,FATAATA-x1840/A/111/A_v1,False,1a - FATAATA-x1840/A/401,1 - FATAATA-x1840/A/401/1,F1a - FATAATA-x1163/A/401/1,A1 - dimer,F1 - original-I222,1a - fa1840/A/401,1 - fa1840/A/401/1,F1a - fa1163/A/401,A1 - dimer,F1 - original-I222,fa1840a,True
fa1841a,FATAATA-x1841_A_401_v1,FATAATA-x1841,Z31478538,COCC(=O)NCc1ccccc1,FATAATA-x1840/A/111/A_v1,False,1a - FATAATA-x1840/A/401,1 - FATAATA-x1840/A/401/1,F1a - FATAATA-x1163/A/401/1,A1 - dimer,F1 - original-I222,1a - fa1840/A/401,1 - fa1840/A/401/1,F1a - fa1163/A/401,A1 - dimer,F1 - original-I222,fa1841a,True
fa1841b,FATAATA-x1841_A_501_v1,FATAATA-x1841,Z31478538,COCC(=O)NCc1ccccc1,FATAATA-x1840/A/111/A_v1,False,1a - FATAATA-x1840/A/401,1 - FATAATA-x1840/A/401/1,F1a - FATAATA-x1163/A/401/1,A1 - dimer,F1 - original-I222,1a - fa1840/A/401,1 - fa1840/A/401/1,F1a - fa1163/A/401,A1 - dimer,F1 - original-I222,fa1841a,True
fa1841c,FATAATA-x1841_B_360_v1,FATAATA-x1841,Z31478538,COCC(=O)NCc1ccccc1,FATAATA-x1840/A/111/A_v1,False,1a - FATAATA-x1840/A/401,1 - FATAATA-x1840/A/401/1,F1a - FATAATA-x1163/A/401/1,A1 - dimer,F1 - original-I222,1a - fa1840/A/401,1 - fa1840/A/401/1,F1a - fa1163/A/401,A1 - dimer,F1 - original-I222,fa1841a,True
fa1841d,FATAATA-x1841_B_401_v1,FATAATA-x1841,Z31478538,COCC(=O)NCc1ccccc1,FATAATA-x1840/A/111/A_v1,False,1a - FATAATA-x1840/A/401,1 - FATAATA-x1840/A/401/1,F1a - FATAATA-x1163/A/401/1,A1 - dimer,F1 - original-I222,1a - fa1840/A/401,1 - fa1840/A/401/1,F1a - fa1163/A/401,A1 - dimer,F1 - original-I222,fa1841a,True
fa1860a,FATAATA-x1860_A_360_v1,FATAATA-x1860,Z32400357,Cc1cccc(C(=O)N2CCC(C(N)=O)CC2)c1,FATAATA-x1147/B/258/A_v1,False,2a - FATAATA-x1147/A/360,2 - FATAATA-x1147/A/360/1,F1b - FATAATA-x1142/A/361/1,A1 - dimer,F1 - original-I222,2a - fa1147/A/360,2 - fa1147/A/360/1,F1b - fa1142/A/361,A1 - dimer,F1 - original-I222,fa1860a,True
fa1860b,FATAATA-x1860_B_401_v1,FATAATA-x1860,Z32400357,Cc1cccc(C(=O)N2CCC(C(N)=O)CC2)c1,FATAATA-x1147/B/258/A_v1,False,2a - FATAATA-x1147/A/360,2 - FATAATA-x1147/A/360/1,F1b - FATAATA-x1142/A/361/1,A1 - dimer,F1 - original-I222,2a - fa1147/A/360,2 - fa1147/A/360/1,F1b - fa1142/A/361,A1 - dimer,F1 - original-I222,fa1860a,True
fa1863a,FATAATA-x1863_A_401_v1,FATAATA-x1863,Z32968340,C[C@@H]1CCCCN1C(=O)c1cnccn1,FATAATA-x1147/B/258/A_v1,False,2a - FATAATA-x1147/A/360,2 - FATAATA-x1147/A/360/1,F1b - FATAATA-x1142/A/361/1,A1 - dimer,F1 - original-I222,2a - fa1147/A/360,2 - fa1147/A/360/1,F1b - fa1142/A/361,A1 - dimer,F1 - original-I222,fa1863a,True
fa1863b,FATAATA-x1863_B_360_v1,FATAATA-x1863,Z32968340,C[C@@H]1CCCCN1C(=O)c1cnccn1,FATAATA-x1147/B/258/A_v1,False,2a - FATAATA-x1147/A/360,2 - FATAATA-x1147/A/360/1,F1b - FATAATA-x1142/A/361/1,A1 - dimer,F1 - original-I222,2a - fa1147/A/360,2 - fa1147/A/360/1,F1b - fa1142/A/361,A1 - dimer,F1 - original-I222,fa1863a,True
fa1866a,FATAATA-x1866_A_401_v1,FATAATA-x1866,Z33452106,CCC(=O)Nc1ccc(C)cc1O,FATAATA-x1840/A/111/A_v1,False,1a - FATAATA-x1840/A/401,1 - FATAATA-x1840/A/401/1,F1a - FATAATA-x1163/A/401/1,A1 - dimer,F1 - original-I222,1a - fa1840/A/401,1 - fa1840/A/401/1,F1a - fa1163/A/401,A1 - dimer,F1 - original-I222,fa1866a,True
fa1866b,FATAATA-x1866_B_401_v1,FATAATA-x1866,Z33452106,CCC(=O)Nc1ccc(C)cc1O,FATAATA-x1840/A/111/A_v1,False,1a - FATAATA-x1840/A/401,1 - FATAATA-x1840/A/401/1,F1a - FATAATA-x1163/A/401/1,A1 - dimer,F1 - original-I222,1a - fa1840/A/401,1 - fa1840/A/401/1,F1a - fa1163/A/401,A1 - dimer,F1 - original-I222,fa1866a,True
fa1885a,FATAATA-x1885_A_401_v1,FATAATA-x1885,Z363071686,CN(CC(=O)N1CCCCC1)S(C)(=O)=O,FATAATA-x1840/A/111/A_v1,False,1a - FATAATA-x1840/A/401,1 - FATAATA-x1840/A/401/1,F1a - FATAATA-x1163/A/401/1,A1 - dimer,F1 - original-I222,1a - fa1840/A/401,1 - fa1840/A/401/1,F1a - fa1163/A/401,A1 - dimer,F1 - original-I222,fa1885a,True
fa1885b,FATAATA-x1885_A_501_v1,FATAATA-x1885,Z363071686,CN(CC(=O)N1CCCCC1)S(C)(=O)=O,FATAATA-x1840/A/111/A_v1,False,1a - FATAATA-x1840/A/401,1 - FATAATA-x1840/A/401/1,F1a - FATAATA-x1163/A/401/1,A1 - dimer,F1 - original-I222,1a - fa1840/A/401,1 - fa1840/A/401/1,F1a - fa1163/A/401,A1 - dimer,F1 - original-I222,fa1885a,True
fa1885c,FATAATA-x1885_B_401_v1,FATAATA-x1885,Z363071686,CN(CC(=O)N1CCCCC1)S(C)(=O)=O,FATAATA-x1840/A/111/A_v1,False,1a - FATAATA-x1840/A/401,1 - FATAATA-x1840/A/401/1,F1a - FATAATA-x1163/A/401/1,A1 - dimer,F1 - original-I222,1a - fa1840/A/401,1 - fa1840/A/401/1,F1a - fa1163/A/401,A1 - dimer,F1 - original-I222,fa1885a,True
fa1885d,FATAATA-x1885_B_501_v1,FATAATA-x1885,Z363071686,CN(CC(=O)N1CCCCC1)S(C)(=O)=O,FATAATA-x1840/A/111/A_v1,False,1a - FATAATA-x1840/A/401,1 - FATAATA-x1840/A/401/1,F1a - FATAATA-x1163/A/401/1,A1 - dimer,F1 - original-I222,1a - fa1840/A/401,1 - fa1840/A/401/1,F1a - fa1163/A/401,A1 - dimer,F1 - original-I222,fa1885a,True
fa1891a,FATAATA-x1891_A_360_v1,FATAATA-x1891,Z369263636,Cc1c([C@@H](C)NS(C)(=O)=O)cnn1C,FATAATA-x1985/A/195/A_v1,False,3a - FATAATA-x1985/A/360,3 - FATAATA-x1985/A/360/1,F1c - FATAATA-x1184/A/401/1,A1 - dimer,F1 - original-I222,3a - fa1985/A/360,3 - fa1985/A/360/1,F1c - fa1184/A/401,A1 - dimer,F1 - original-I222,fa1891a,True
fa1891b,FATAATA-x1891_B_401_v1,FATAATA-x1891,Z369263636,Cc1c([C@@H](C)NS(C)(=O)=O)cnn1C,FATAATA-x1985/A/195/A_v1,False,3a - FATAATA-x1985/A/360,3 - FATAATA-x1985/A/360/1,F1c - FATAATA-x1184/A/401/1,A1 - dimer,F1 - original-I222,3a - fa1985/A/360,3 - fa1985/A/360/1,F1c - fa1184/A/401,A1 - dimer,F1 - original-I222,fa1891a,True
fa1900a,FATAATA-x1900_A_361_v1,FATAATA-x1900,Z384361454,Cc1cc(C(=O)NC[C@@H]2CCOC2)on1,FATAATA-x1840/A/111/A_v1,False,1a - FATAATA-x1840/A/401,1 - FATAATA-x1840/A/401/1,F1a - FATAATA-x1163/A/401/1,A1 - dimer,F1 - original-I222,1a - fa1840/A/401,1 - fa1840/A/401/1,F1a - fa1163/A/401,A1 - dimer,F1 - original-I222,fa1900a,True
fa1900b,FATAATA-x1900_B_401_v1,FATAATA-x1900,Z384361454,Cc1cc(C(=O)NC[C@@H]2CCOC2)on1,FATAATA-x1840/A/111/A_v1,False,1a - FATAATA-x1840/A/401,1 - FATAATA-x1840/A/401/1,F1a - FATAATA-x1163/A/401/1,A1 - dimer,F1 - original-I222,1a - fa1840/A/401,1 - fa1840/A/401/1,F1a - fa1163/A/401,A1 - dimer,F1 - original-I222,fa1900a,True
fa1905a,FATAATA-x1905_A_361_v1,FATAATA-x1905,Z385450668,NS(=O)(=O)c1ccccc1OC(F)F,FATAATA-x1840/A/111/A_v1,False,1a - FATAATA-x1840/A/401,1 - FATAATA-x1840/A/401/1,F1a - FATAATA-x1163/A/401/1,A1 - dimer,F1 - original-I222,1a - fa1840/A/401,1 - fa1840/A/401/1,F1a - fa1163/A/401,A1 - dimer,F1 - original-I222,fa1905a,True
fa1905b,FATAATA-x1905_B_360_v1,FATAATA-x1905,Z385450668,NS(=O)(=O)c1ccccc1OC(F)F,FATAATA-x1840/A/111/A_v1,False,1a - FATAATA-x1840/A/401,1 - FATAATA-x1840/A/401/1,F1a - FATAATA-x1163/A/401/1,A1 - dimer,F1 - original-I222,1a - fa1840/A/401,1 - fa1840/A/401/1,F1a - fa1163/A/401,A1 - dimer,F1 - original-I222,fa1905a,True
fa1910a,FATAATA-x1910_A_360_v1,FATAATA-x1910,Z404993336,Cc1cc(C(=O)Nc2cnn(C)c2)no1,FATAATA-x1840/A/111/A_v1,False,1a - FATAATA-x1840/A/401,1 - FATAATA-x1840/A/401/1,F1a - FATAATA-x1163/A/401/1,A1 - dimer,F1 - original-I222,1a - fa1840/A/401,1 - fa1840/A/401/1,F1a - fa1163/A/401,A1 - dimer,F1 - original-I222,fa1910a,True
fa1910b,FATAATA-x1910_A_401_v1,FATAATA-x1910,Z404993336,Cc1cc(C(=O)Nc2cnn(C)c2)no1,FATAATA-x1840/A/111/A_v1,False,1a - FATAATA-x1840/A/401,1 - FATAATA-x1840/A/401/1,F1a - FATAATA-x1163/A/401/1,A1 - dimer,F1 - original-I222,1a - fa1840/A/401,1 - fa1840/A/401/1,F1a - fa1163/A/401,A1 - dimer,F1 - original-I222,fa1910a,True
fa1910c,FATAATA-x1910_B_401_v1,FATAATA-x1910,Z404993336,Cc1cc(C(=O)Nc2cnn(C)c2)no1,FATAATA-x1840/A/111/A_v1,False,1a - FATAATA-x1840/A/401,1 - FATAATA-x1840/A/401/1,F1a - FATAATA-x1163/A/401/1,A1 - dimer,F1 - original-I222,1a - fa1840/A/401,1 - fa1840/A/401/1,F1a - fa1163/A/401,A1 - dimer,F1 - original-I222,fa1910a,True
fa1910d,FATAATA-x1910_B_402_v1,FATAATA-x1910,Z404993336,Cc1cc(C(=O)Nc2cnn(C)c2)no1,FATAATA-x1840/A/111/A_v1,False,1a - FATAATA-x1840/A/401,1 - FATAATA-x1840/A/401/1,F1a - FATAATA-x1163/A/401/1,A1 - dimer,F1 - original-I222,1a - fa1840/A/401,1 - fa1840/A/401/1,F1a - fa1163/A/401,A1 - dimer,F1 - original-I222,fa1910a,True
fa1911a,FATAATA-x1911_A_401_v1,FATAATA-x1911,Z405825414,CCC(=O)N1CCC[C@@H](NS(C)(=O)=O)C1,FATAATA-x1840/A/111/A_v1,False,1a - FATAATA-x1840/A/401,1 - FATAATA-x1840/A/401/1,F1a - FATAATA-x1163/A/401/1,A1 - dimer,F1 - original-I222,1a - fa1840/A/401,1 - fa1840/A/401/1,F1a - fa1163/A/401,A1 - dimer,F1 - original-I222,fa1911a,True
fa1911b,FATAATA-x1911_B_401_v1,FATAATA-x1911,Z405825414,CCC(=O)N1CCC[C@@H](NS(C)(=O)=O)C1,FATAATA-x1840/A/111/A_v1,False,1a - FATAATA-x1840/A/401,1 - FATAATA-x1840/A/401/1,F1a - FATAATA-x1163/A/401/1,A1 - dimer,F1 - original-I222,1a - fa1840/A/401,1 - fa1840/A/401/1,F1a - fa1163/A/401,A1 - dimer,F1 - original-I222,fa1911a,True
fa1913a,FATAATA-x1913_A_361_v1,FATAATA-x1913,Z409022580,CCN(C)C(=O)c1cccc(N)c1,FATAATA-x1840/A/111/A_v1,False,1a - FATAATA-x1840/A/401,1 - FATAATA-x1840/A/401/1,F1a - FATAATA-x1163/A/401/1,A1 - dimer,F1 - original-I222,1a - fa1840/A/401,1 - fa1840/A/401/1,F1a - fa1163/A/401,A1 - dimer,F1 - original-I222,fa1913a,True
fa1913b,FATAATA-x1913_B_360_v1,FATAATA-x1913,Z409022580,CCN(C)C(=O)c1cccc(N)c1,FATAATA-x1840/A/111/A_v1,False,1a - FATAATA-x1840/A/401,1 - FATAATA-x1840/A/401/1,F1a - FATAATA-x1163/A/401/1,A1 - dimer,F1 - original-I222,1a - fa1840/A/401,1 - fa1840/A/401/1,F1a - fa1163/A/401,A1 - dimer,F1 - original-I222,fa1913a,True
fa1917a,FATAATA-x1917_A_360_v1,FATAATA-x1917,Z419995480,O=C(CCCc1ccccc1)N1CCOCC1,FATAATA-x1840/A/111/A_v1,False,1a - FATAATA-x1840/A/401,1 - FATAATA-x1840/A/401/1,F1a - FATAATA-x1163/A/401/1,A1 - dimer,F1 - original-I222,1a - fa1840/A/401,1 - fa1840/A/401/1,F1a - fa1163/A/401,A1 - dimer,F1 - original-I222,fa1917a,True
fa1917b,FATAATA-x1917_B_401_v1,FATAATA-x1917,Z419995480,O=C(CCCc1ccccc1)N1CCOCC1,FATAATA-x1840/A/111/A_v1,False,1a - FATAATA-x1840/A/401,1 - FATAATA-x1840/A/401/1,F1a - FATAATA-x1163/A/401/1,A1 - dimer,F1 - original-I222,1a - fa1840/A/401,1 - fa1840/A/401/1,F1a - fa1163/A/401,A1 - dimer,F1 - original-I222,fa1917a,True
fa1918a,FATAATA-x1918_A_401_v1,FATAATA-x1918,Z422344882,Cc1ncsc1C(=O)N1CCNC(=O)C1,FATAATA-x1840/A/111/A_v1,False,1a - FATAATA-x1840/A/401,1 - FATAATA-x1840/A/401/1,F1a - FATAATA-x1163/A/401/1,A1 - dimer,F1 - original-I222,1a - fa1840/A/401,1 - fa1840/A/401/1,F1a - fa1163/A/401,A1 - dimer,F1 - original-I222,fa1918a,True
fa1918b,FATAATA-x1918_B_360_v1,FATAATA-x1918,Z422344882,Cc1ncsc1C(=O)N1CCNC(=O)C1,FATAATA-x1840/A/111/A_v1,False,1a - FATAATA-x1840/A/401,1 - FATAATA-x1840/A/401/1,F1a - FATAATA-x1163/A/401/1,A1 - dimer,F1 - original-I222,1a - fa1840/A/401,1 - fa1840/A/401/1,F1a - fa1163/A/401,A1 - dimer,F1 - original-I222,fa1918a,True
fa1939a,FATAATA-x1939_A_361_v1,FATAATA-x1939,Z445186088,Fc1ccccc1NCc1cc[nH]n1,FATAATA-x1840/A/111/A_v1,False,1a - FATAATA-x1840/A/401,1 - FATAATA-x1840/A/401/1,F1a - FATAATA-x1163/A/401/1,A1 - dimer,F1 - original-I222,1a - fa1840/A/401,1 - fa1840/A/401/1,F1a - fa1163/A/401,A1 - dimer,F1 - original-I222,fa1939a,True
fa1939b,FATAATA-x1939_B_360_v1,FATAATA-x1939,Z445186088,Fc1ccccc1NCc1cc[nH]n1,FATAATA-x1985/A/195/A_v1,False,3a - FATAATA-x1985/A/360,3 - FATAATA-x1985/A/360/1,F1c - FATAATA-x1184/A/401/1,A1 - dimer,F1 - original-I222,3a - fa1985/A/360,3 - fa1985/A/360/1,F1c - fa1184/A/401,A1 - dimer,F1 - original-I222,fa1939b,True
fa1944a,FATAATA-x1944_A_401_v1,FATAATA-x1944,Z44585777,O=C(Nc1ccccc1)N1CCCC1,FATAATA-x1840/A/111/A_v1,False,1a - FATAATA-x1840/A/401,1 - FATAATA-x1840/A/401/1,F1a - FATAATA-x1163/A/401/1,A1 - dimer,F1 - original-I222,1a - fa1840/A/401,1 - fa1840/A/401/1,F1a - fa1163/A/401,A1 - dimer,F1 - original-I222,fa1944a,True
fa1944b,FATAATA-x1944_A_402_v1,FATAATA-x1944,Z44585777,O=C(Nc1ccccc1)N1CCCC1,FATAATA-x1840/A/111/A_v1,False,1a - FATAATA-x1840/A/401,1 - FATAATA-x1840/A/401/1,F1a - FATAATA-x1163/A/401/1,A1 - dimer,F1 - original-I222,1a - fa1840/A/401,1 - fa1840/A/401/1,F1a - fa1163/A/401,A1 - dimer,F1 - original-I222,fa1944a,True
fa1944c,FATAATA-x1944_B_401_v1,FATAATA-x1944,Z44585777,O=C(Nc1ccccc1)N1CCCC1,FATAATA-x1840/A/111/A_v1,False,1a - FATAATA-x1840/A/401,1 - FATAATA-x1840/A/401/1,F1a - FATAATA-x1163/A/401/1,A1 - dimer,F1 - original-I222,1a - fa1840/A/401,1 - fa1840/A/401/1,F1a - fa1163/A/401,A1 - dimer,F1 - original-I222,fa1944a,True
fa1944d,FATAATA-x1944_B_501_v1,FATAATA-x1944,Z44585777,O=C(Nc1ccccc1)N1CCCC1,FATAATA-x1840/A/111/A_v1,False,1a - FATAATA-x1840/A/401,1 - FATAATA-x1840/A/401/1,F1a - FATAATA-x1163/A/401/1,A1 - dimer,F1 - original-I222,1a - fa1840/A/401,1 - fa1840/A/401/1,F1a - fa1163/A/401,A1 - dimer,F1 - original-I222,fa1944a,True
fa1946a,FATAATA-x1946_A_361_v1,FATAATA-x1946,Z44592329,O=C(Nc1ccccc1)Nc1cccnc1,FATAATA-x1840/A/111/A_v1,False,1a - FATAATA-x1840/A/401,1 - FATAATA-x1840/A/401/1,F1a - FATAATA-x1163/A/401/1,A1 - dimer,F1 - original-I222,1a - fa1840/A/401,1 - fa1840/A/401/1,F1a - fa1163/A/401,A1 - dimer,F1 - original-I222,fa1946a,True
fa1946b,FATAATA-x1946_B_360_v1,FATAATA-x1946,Z44592329,O=C(Nc1ccccc1)Nc1cccnc1,FATAATA-x1840/A/111/A_v1,False,1a - FATAATA-x1840/A/401,1 - FATAATA-x1840/A/401/1,F1a - FATAATA-x1163/A/401/1,A1 - dimer,F1 - original-I222,1a - fa1840/A/401,1 - fa1840/A/401/1,F1a - fa1163/A/401,A1 - dimer,F1 - original-I222,fa1946a,True
fa1952a,FATAATA-x1952_A_361_v1,FATAATA-x1952,Z45705015,CS(=O)(=O)NCCc1ccc(F)cc1,FATAATA-x1840/A/111/A_v1,False,1a - FATAATA-x1840/A/401,1 - FATAATA-x1840/A/401/1,F1a - FATAATA-x1163/A/401/1,A1 - dimer,F1 - original-I222,1a - fa1840/A/401,1 - fa1840/A/401/1,F1a - fa1163/A/401,A1 - dimer,F1 - original-I222,fa1952a,True
fa1952b,FATAATA-x1952_B_360_v1,FATAATA-x1952,Z45705015,CS(=O)(=O)NCCc1ccc(F)cc1,FATAATA-x1840/A/111/A_v1,False,1a - FATAATA-x1840/A/401,1 - FATAATA-x1840/A/401/1,F1a - FATAATA-x1163/A/401/1,A1 - dimer,F1 - original-I222,1a - fa1840/A/401,1 - fa1840/A/401/1,F1a - fa1163/A/401,A1 - dimer,F1 - original-I222,fa1952a,True
fa1959a,FATAATA-x1959_A_401_v1,FATAATA-x1959,Z50145861,CC1=NN(c2ccccc2)C(=O)C1,FATAATA-x1840/A/111/A_v1,False,1a - FATAATA-x1840/A/401,1 - FATAATA-x1840/A/401/1,F1a - FATAATA-x1163/A/401/1,A1 - dimer,F1 - original-I222,1a - fa1840/A/401,1 - fa1840/A/401/1,F1a - fa1163/A/401,A1 - dimer,F1 - original-I222,fa1959a,True
fa1959b,FATAATA-x1959_A_402_v1,FATAATA-x1959,Z50145861,CC1=NN(c2ccccc2)C(=O)C1,FATAATA-x1840/A/111/A_v1,False,1a - FATAATA-x1840/A/401,1 - FATAATA-x1840/A/401/1,F1a - FATAATA-x1163/A/401/1,A1 - dimer,F1 - original-I222,1a - fa1840/A/401,1 - fa1840/A/401/1,F1a - fa1163/A/401,A1 - dimer,F1 - original-I222,fa1959a,True
fa1959c,FATAATA-x1959_B_360_v1,FATAATA-x1959,Z50145861,CC1=NN(c2ccccc2)C(=O)C1,FATAATA-x1840/A/111/A_v1,False,1a - FATAATA-x1840/A/401,1 - FATAATA-x1840/A/401/1,F1a - FATAATA-x1163/A/401/1,A1 - dimer,F1 - original-I222,1a - fa1840/A/401,1 - fa1840/A/401/1,F1a - fa1163/A/401,A1 - dimer,F1 - original-I222,fa1959a,True
fa1959d,FATAATA-x1959_B_401_v1,FATAATA-x1959,Z50145861,CC1=NN(c2ccccc2)C(=O)C1,FATAATA-x1840/A/111/A_v1,False,1a - FATAATA-x1840/A/401,1 - FATAATA-x1840/A/401/1,F1a - FATAATA-x1163/A/401/1,A1 - dimer,F1 - original-I222,1a - fa1840/A/401,1 - fa1840/A/401/1,F1a - fa1163/A/401,A1 - dimer,F1 - original-I222,fa1959a,True
fa1966a,FATAATA-x1966_A_401_v1,FATAATA-x1966,Z53825479,CS(=O)(=O)NC1CCCC1,FATAATA-x1840/A/111/A_v1,False,1a - FATAATA-x1840/A/401,1 - FATAATA-x1840/A/401/1,F1a - FATAATA-x1163/A/401/1,A1 - dimer,F1 - original-I222,1a - fa1840/A/401,1 - fa1840/A/401/1,F1a - fa1163/A/401,A1 - dimer,F1 - original-I222,fa1966a,True
fa1966b,FATAATA-x1966_B_401_v1,FATAATA-x1966,Z53825479,CS(=O)(=O)NC1CCCC1,FATAATA-x1840/A/111/A_v1,False,1a - FATAATA-x1840/A/401,1 - FATAATA-x1840/A/401/1,F1a - FATAATA-x1163/A/401/1,A1 - dimer,F1 - original-I222,1a - fa1840/A/401,1 - fa1840/A/401/1,F1a - fa1163/A/401,A1 - dimer,F1 - original-I222,fa1966a,True
fa1968a,FATAATA-x1968_A_401_v1,FATAATA-x1968,Z54226006,O=C(c1c(F)cccc1F)N1CCCC1,FATAATA-x1840/A/111/A_v1,False,1a - FATAATA-x1840/A/401,1 - FATAATA-x1840/A/401/1,F1a - FATAATA-x1163/A/401/1,A1 - dimer,F1 - original-I222,1a - fa1840/A/401,1 - fa1840/A/401/1,F1a - fa1163/A/401,A1 - dimer,F1 - original-I222,fa1968a,True
fa1968b,FATAATA-x1968_A_402_v1,FATAATA-x1968,Z54226006,O=C(c1c(F)cccc1F)N1CCCC1,FATAATA-x1840/A/111/A_v1,False,1a - FATAATA-x1840/A/401,1 - FATAATA-x1840/A/401/1,F1a - FATAATA-x1163/A/401/1,A1 - dimer,F1 - original-I222,1a - fa1840/A/401,1 - fa1840/A/401/1,F1a - fa1163/A/401,A1 - dimer,F1 - original-I222,fa1968a,True
fa1968c,FATAATA-x1968_B_401_v1,FATAATA-x1968,Z54226006,O=C(c1c(F)cccc1F)N1CCCC1,FATAATA-x1840/A/111/A_v1,False,1a - FATAATA-x1840/A/401,1 - FATAATA-x1840/A/401/1,F1a - FATAATA-x1163/A/401/1,A1 - dimer,F1 - original-I222,1a - fa1840/A/401,1 - fa1840/A/401/1,F1a - fa1163/A/401,A1 - dimer,F1 - original-I222,fa1968a,True
fa1968d,FATAATA-x1968_B_402_v1,FATAATA-x1968,Z54226006,O=C(c1c(F)cccc1F)N1CCCC1,FATAATA-x1840/A/111/A_v1,False,1a - FATAATA-x1840/A/401,1 - FATAATA-x1840/A/401/1,F1a - FATAATA-x1163/A/401/1,A1 - dimer,F1 - original-I222,1a - fa1840/A/401,1 - fa1840/A/401/1,F1a - fa1163/A/401,A1 - dimer,F1 - original-I222,fa1968a,True
fa1974a,FATAATA-x1974_A_401_v1,FATAATA-x1974,Z54633859,CN(CCO)c1ccccn1,FATAATA-x1840/A/111/A_v1,False,1a - FATAATA-x1840/A/401,1 - FATAATA-x1840/A/401/1,F1a - FATAATA-x1163/A/401/1,A1 - dimer,F1 - original-I222,1a - fa1840/A/401,1 - fa1840/A/401/1,F1a - fa1163/A/401,A1 - dimer,F1 - original-I222,fa1974a,True
fa1974b,FATAATA-x1974_B_360_v1,FATAATA-x1974,Z54633859,CN(CCO)c1ccccn1,FATAATA-x1840/A/111/A_v1,False,1a - FATAATA-x1840/A/401,1 - FATAATA-x1840/A/401/1,F1a - FATAATA-x1163/A/401/1,A1 - dimer,F1 - original-I222,1a - fa1840/A/401,1 - fa1840/A/401/1,F1a - fa1163/A/401,A1 - dimer,F1 - original-I222,fa1974a,True
fa1979a,FATAATA-x1979_A_401_v1,FATAATA-x1979,Z54984227,CNc1ccc2ccccc2n1,FATAATA-x1168/A/142/A_v1,False,4a - FATAATA-x1168/A/400,4 - FATAATA-x1168/A/400/1,F1d - FATAATA-x1168/A/400/1,A1 - dimer,F1 - original-I222,4a - fa1168/A/400,4 - fa1168/A/400/1,F1d - fa1168/A/400,A1 - dimer,F1 - original-I222,fa1979a,True
fa1979b,FATAATA-x1979_B_401_v1,FATAATA-x1979,Z54984227,CNc1ccc2ccccc2n1,FATAATA-x1168/A/142/A_v1,False,4a - FATAATA-x1168/A/400,4 - FATAATA-x1168/A/400/1,F1d - FATAATA-x1168/A/400/1,A1 - dimer,F1 - original-I222,4a - fa1168/A/400,4 - fa1168/A/400/1,F1d - fa1168/A/400,A1 - dimer,F1 - original-I222,fa1979a,True
fa1985d,FATAATA-x1985_A_403_v1,FATAATA-x1985,Z55993012,CCN(CC)C(=O)c1ccc(N)cc1,FATAATA-x1168/A/142/A_v1,False,4a - FATAATA-x1168/A/400,4 - FATAATA-x1168/A/400/1,F1d - FATAATA-x1168/A/400/1,A1 - dimer,F1 - original-I222,4a - fa1168/A/400,4 - fa1168/A/400/1,F1d - fa1168/A/400,A1 - dimer,F1 - original-I222,fa1985d,True
fa1985h,FATAATA-x1985_B_602_v1,FATAATA-x1985,Z55993012,CCN(CC)C(=O)c1ccc(N)cc1,FATAATA-x1168/A/142/A_v1,False,4a - FATAATA-x1168/A/400,4 - FATAATA-x1168/A/400/1,F1d - FATAATA-x1168/A/400/1,A1 - dimer,F1 - original-I222,4a - fa1168/A/400,4 - fa1168/A/400/1,F1d - fa1168/A/400,A1 - dimer,F1 - original-I222,fa1985d,True
fa1985a,FATAATA-x1985_A_401_v1,FATAATA-x1985,Z55993012,CCN(CC)C(=O)c1ccc(N)cc1,FATAATA-x1840/A/111/A_v1,False,1a - FATAATA-x1840/A/401,1 - FATAATA-x1840/A/401/1,F1a - FATAATA-x1163/A/401/1,A1 - dimer,F1 - original-I222,1a - fa1840/A/401,1 - fa1840/A/401/1,F1a - fa1163/A/401,A1 - dimer,F1 - original-I222,fa1985a,True
fa1985b,FATAATA-x1985_A_402_v1,FATAATA-x1985,Z55993012,CCN(CC)C(=O)c1ccc(N)cc1,FATAATA-x1840/A/111/A_v1,False,1a - FATAATA-x1840/A/401,1 - FATAATA-x1840/A/401/1,F1a - FATAATA-x1163/A/401/1,A1 - dimer,F1 - original-I222,1a - fa1840/A/401,1 - fa1840/A/401/1,F1a - fa1163/A/401,A1 - dimer,F1 - original-I222,fa1985a,True
fa1985e,FATAATA-x1985_B_501_v1,FATAATA-x1985,Z55993012,CCN(CC)C(=O)c1ccc(N)cc1,FATAATA-x1840/A/111/A_v1,False,1a - FATAATA-x1840/A/401,1 - FATAATA-x1840/A/401/1,F1a - FATAATA-x1163/A/401/1,A1 - dimer,F1 - original-I222,1a - fa1840/A/401,1 - fa1840/A/401/1,F1a - fa1163/A/401,A1 - dimer,F1 - original-I222,fa1985a,True
fa1985f,FATAATA-x1985_B_601_v1,FATAATA-x1985,Z55993012,CCN(CC)C(=O)c1ccc(N)cc1,FATAATA-x1840/A/111/A_v1,False,1a - FATAATA-x1840/A/401,1 - FATAATA-x1840/A/401/1,F1a - FATAATA-x1163/A/401/1,A1 - dimer,F1 - original-I222,1a - fa1840/A/401,1 - fa1840/A/401/1,F1a - fa1163/A/401,A1 - dimer,F1 - original-I222,fa1985a,True
fa1985c,FATAATA-x1985_A_360_v1,FATAATA-x1985,Z55993012,CCN(CC)C(=O)c1ccc(N)cc1,FATAATA-x1985/A/195/A_v1,False,3a - FATAATA-x1985/A/360,3 - FATAATA-x1985/A/360/1,F1c - FATAATA-x1184/A/401/1,A1 - dimer,F1 - original-I222,3a - fa1985/A/360,3 - fa1985/A/360/1,F1c - fa1184/A/401,A1 - dimer,F1 - original-I222,fa1985c,True
fa1985g,FATAATA-x1985_B_401_v1,FATAATA-x1985,Z55993012,CCN(CC)C(=O)c1ccc(N)cc1,FATAATA-x1985/A/195/A_v1,False,3a - FATAATA-x1985/A/360,3 - FATAATA-x1985/A/360/1,F1c - FATAATA-x1184/A/401/1,A1 - dimer,F1 - original-I222,3a - fa1985/A/360,3 - fa1985/A/360/1,F1c - fa1184/A/401,A1 - dimer,F1 - original-I222,fa1985c,True
fa1991a,FATAATA-x1991_A_401_v1,FATAATA-x1991,Z56813508,N#CCC(=O)NC1CCCCC1,FATAATA-x1840/A/111/A_v1,False,1a - FATAATA-x1840/A/401,1 - FATAATA-x1840/A/401/1,F1a - FATAATA-x1163/A/401/1,A1 - dimer,F1 - original-I222,1a - fa1840/A/401,1 - fa1840/A/401/1,F1a - fa1163/A/401,A1 - dimer,F1 - original-I222,fa1991a,True
fa1991b,FATAATA-x1991_B_401_v1,FATAATA-x1991,Z56813508,N#CCC(=O)NC1CCCCC1,FATAATA-x1840/A/111/A_v1,False,1a - FATAATA-x1840/A/401,1 - FATAATA-x1840/A/401/1,F1a - FATAATA-x1163/A/401/1,A1 - dimer,F1 - original-I222,1a - fa1840/A/401,1 - fa1840/A/401/1,F1a - fa1163/A/401,A1 - dimer,F1 - original-I222,fa1991a,True
fa1996a,FATAATA-x1996_A_401_v1,FATAATA-x1996,Z56880342,CCNC(=O)Nc1cc(C)on1,FATAATA-x1840/A/111/A_v1,False,1a - FATAATA-x1840/A/401,1 - FATAATA-x1840/A/401/1,F1a - FATAATA-x1163/A/401/1,A1 - dimer,F1 - original-I222,1a - fa1840/A/401,1 - fa1840/A/401/1,F1a - fa1163/A/401,A1 - dimer,F1 - original-I222,fa1996a,True
fa1996b,FATAATA-x1996_B_401_v1,FATAATA-x1996,Z56880342,CCNC(=O)Nc1cc(C)on1,FATAATA-x1840/A/111/A_v1,False,1a - FATAATA-x1840/A/401,1 - FATAATA-x1840/A/401/1,F1a - FATAATA-x1163/A/401/1,A1 - dimer,F1 - original-I222,1a - fa1840/A/401,1 - fa1840/A/401/1,F1a - fa1163/A/401,A1 - dimer,F1 - original-I222,fa1996a,True
fa2004a,FATAATA-x2004_A_401_v1,FATAATA-x2004,Z56960248,CNC[C@@H]1COc2ccccc2O1,FATAATA-x1840/A/111/A_v1,False,1a - FATAATA-x1840/A/401,1 - FATAATA-x1840/A/401/1,F1a - FATAATA-x1163/A/401/1,A1 - dimer,F1 - original-I222,1a - fa1840/A/401,1 - fa1840/A/401/1,F1a - fa1163/A/401,A1 - dimer,F1 - original-I222,fa2004a,True
fa2004b,FATAATA-x2004_B_401_v1,FATAATA-x2004,Z56960248,CNC[C@@H]1COc2ccccc2O1,FATAATA-x1840/A/111/A_v1,False,1a - FATAATA-x1840/A/401,1 - FATAATA-x1840/A/401/1,F1a - FATAATA-x1163/A/401/1,A1 - dimer,F1 - original-I222,1a - fa1840/A/401,1 - fa1840/A/401/1,F1a - fa1163/A/401,A1 - dimer,F1 - original-I222,fa2004a,True
fa2006a,FATAATA-x2006_A_401_v1,FATAATA-x2006,Z56978034,O=C([O-])COc1ccc(F)cc1,FATAATA-x1985/A/195/A_v1,False,3a - FATAATA-x1985/A/360,3 - FATAATA-x1985/A/360/1,F1c - FATAATA-x1184/A/401/1,A1 - dimer,F1 - original-I222,3a - fa1985/A/360,3 - fa1985/A/360/1,F1c - fa1184/A/401,A1 - dimer,F1 - original-I222,fa2006a,True
fa2006b,FATAATA-x2006_B_360_v1,FATAATA-x2006,Z56978034,O=C([O-])COc1ccc(F)cc1,FATAATA-x1985/A/195/A_v1,False,3a - FATAATA-x1985/A/360,3 - FATAATA-x1985/A/360/1,F1c - FATAATA-x1184/A/401/1,A1 - dimer,F1 - original-I222,3a - fa1985/A/360,3 - fa1985/A/360/1,F1c - fa1184/A/401,A1 - dimer,F1 - original-I222,fa2006a,True
fa2010a,FATAATA-x2010_A_360_v1,FATAATA-x2010,Z57122377,CN1CCN(C(=O)c2ccc(F)c(F)c2)CC1,FATAATA-x1840/A/111/A_v1,False,1a - FATAATA-x1840/A/401,1 - FATAATA-x1840/A/401/1,F1a - FATAATA-x1163/A/401/1,A1 - dimer,F1 - original-I222,1a - fa1840/A/401,1 - fa1840/A/401/1,F1a - fa1163/A/401,A1 - dimer,F1 - original-I222,fa2010a,True
fa2010b,FATAATA-x2010_B_401_v1,FATAATA-x2010,Z57122377,CN1CCN(C(=O)c2ccc(F)c(F)c2)CC1,FATAATA-x1840/A/111/A_v1,False,1a - FATAATA-x1840/A/401,1 - FATAATA-x1840/A/401/1,F1a - FATAATA-x1163/A/401/1,A1 - dimer,F1 - original-I222,1a - fa1840/A/401,1 - fa1840/A/401/1,F1a - fa1163/A/401,A1 - dimer,F1 - original-I222,fa2010a,True
fa2025a,FATAATA-x2025_A_361_v1,FATAATA-x2025,Z57744712,CN(C)S(=O)(=O)N1CCOCC1,FATAATA-x1840/A/111/A_v1,False,1a - FATAATA-x1840/A/401,1 - FATAATA-x1840/A/401/1,F1a - FATAATA-x1163/A/401/1,A1 - dimer,F1 - original-I222,1a - fa1840/A/401,1 - fa1840/A/401/1,F1a - fa1163/A/401,A1 - dimer,F1 - original-I222,fa2025a,True
fa2025b,FATAATA-x2025_B_401_v1,FATAATA-x2025,Z57744712,CN(C)S(=O)(=O)N1CCOCC1,FATAATA-x1840/A/111/A_v1,False,1a - FATAATA-x1840/A/401,1 - FATAATA-x1840/A/401/1,F1a - FATAATA-x1163/A/401/1,A1 - dimer,F1 - original-I222,1a - fa1840/A/401,1 - fa1840/A/401/1,F1a - fa1163/A/401,A1 - dimer,F1 - original-I222,fa2025a,True
fa2032a,FATAATA-x2032_A_401_v1,FATAATA-x2032,Z608065044,CN(C)S(=O)(=O)c1cn[nH]c1,FATAATA-x1840/A/111/A_v1,False,1a - FATAATA-x1840/A/401,1 - FATAATA-x1840/A/401/1,F1a - FATAATA-x1163/A/401/1,A1 - dimer,F1 - original-I222,1a - fa1840/A/401,1 - fa1840/A/401/1,F1a - fa1163/A/401,A1 - dimer,F1 - original-I222,fa2032a,True
fa2032b,FATAATA-x2032_B_401_v1,FATAATA-x2032,Z608065044,CN(C)S(=O)(=O)c1cn[nH]c1,FATAATA-x1840/A/111/A_v1,False,1a - FATAATA-x1840/A/401,1 - FATAATA-x1840/A/401/1,F1a - FATAATA-x1163/A/401/1,A1 - dimer,F1 - original-I222,1a - fa1840/A/401,1 - fa1840/A/401/1,F1a - fa1163/A/401,A1 - dimer,F1 - original-I222,fa2032a,True
fa2035a,FATAATA-x2035_A_401_v1,FATAATA-x2035,Z666290862,CC(C)(C)c1cn2cccnc2n1,FATAATA-x1840/A/111/A_v1,False,1a - FATAATA-x1840/A/401,1 - FATAATA-x1840/A/401/1,F1a - FATAATA-x1163/A/401/1,A1 - dimer,F1 - original-I222,1a - fa1840/A/401,1 - fa1840/A/401/1,F1a - fa1163/A/401,A1 - dimer,F1 - original-I222,fa2035a,True
fa2035b,FATAATA-x2035_B_360_v1,FATAATA-x2035,Z666290862,CC(C)(C)c1cn2cccnc2n1,FATAATA-x1840/A/111/A_v1,False,1a - FATAATA-x1840/A/401,1 - FATAATA-x1840/A/401/1,F1a - FATAATA-x1163/A/401/1,A1 - dimer,F1 - original-I222,1a - fa1840/A/401,1 - fa1840/A/401/1,F1a - fa1163/A/401,A1 - dimer,F1 - original-I222,fa2035a,True
fa2040a,FATAATA-x2040_A_401_v1,FATAATA-x2040,Z69092635,Cc1noc(C)c1C(=O)NCCC1=CCCCC1,FATAATA-x1840/A/111/A_v1,False,1a - FATAATA-x1840/A/401,1 - FATAATA-x1840/A/401/1,F1a - FATAATA-x1163/A/401/1,A1 - dimer,F1 - original-I222,1a - fa1840/A/401,1 - fa1840/A/401/1,F1a - fa1163/A/401,A1 - dimer,F1 - original-I222,fa2040a,True
fa2040b,FATAATA-x2040_B_401_v1,FATAATA-x2040,Z69092635,Cc1noc(C)c1C(=O)NCCC1=CCCCC1,FATAATA-x1840/A/111/A_v1,False,1a - FATAATA-x1840/A/401,1 - FATAATA-x1840/A/401/1,F1a - FATAATA-x1163/A/401/1,A1 - dimer,F1 - original-I222,1a - fa1840/A/401,1 - fa1840/A/401/1,F1a - fa1163/A/401,A1 - dimer,F1 - original-I222,fa2040a,True
fa2044a,FATAATA-x2044_A_361_v1,FATAATA-x2044,Z728939702,CNc1cnc2ccccc2n1,FATAATA-x1985/A/195/A_v1,False,3a - FATAATA-x1985/A/360,3 - FATAATA-x1985/A/360/1,F1c - FATAATA-x1184/A/401/1,A1 - dimer,F1 - original-I222,3a - fa1985/A/360,3 - fa1985/A/360/1,F1c - fa1184/A/401,A1 - dimer,F1 - original-I222,fa2044a,True
fa2044b,FATAATA-x2044_B_360_v1,FATAATA-x2044,Z728939702,CNc1cnc2ccccc2n1,FATAATA-x1985/A/195/A_v1,False,3a - FATAATA-x1985/A/360,3 - FATAATA-x1985/A/360/1,F1c - FATAATA-x1184/A/401/1,A1 - dimer,F1 - original-I222,3a - fa1985/A/360,3 - fa1985/A/360/1,F1c - fa1184/A/401,A1 - dimer,F1 - original-I222,fa2044a,True
fa2045a,FATAATA-x2045_A_361_v1,FATAATA-x2045,Z729024430,CCN(CC)C(=O)c1ccnc(C)n1,FATAATA-x1840/A/111/A_v1,False,1a - FATAATA-x1840/A/401,1 - FATAATA-x1840/A/401/1,F1a - FATAATA-x1163/A/401/1,A1 - dimer,F1 - original-I222,1a - fa1840/A/401,1 - fa1840/A/401/1,F1a - fa1163/A/401,A1 - dimer,F1 - original-I222,fa2045a,True
fa2045b,FATAATA-x2045_B_401_v1,FATAATA-x2045,Z729024430,CCN(CC)C(=O)c1ccnc(C)n1,FATAATA-x1840/A/111/A_v1,False,1a - FATAATA-x1840/A/401,1 - FATAATA-x1840/A/401/1,F1a - FATAATA-x1163/A/401/1,A1 - dimer,F1 - original-I222,1a - fa1840/A/401,1 - fa1840/A/401/1,F1a - fa1163/A/401,A1 - dimer,F1 - original-I222,fa2045a,True
fa2047a,FATAATA-x2047_A_402_v1,FATAATA-x2047,Z73240835,Cc1csc(NC(=O)C2CCOCC2)n1,FATAATA-x1840/A/111/A_v1,False,1a - FATAATA-x1840/A/401,1 - FATAATA-x1840/A/401/1,F1a - FATAATA-x1163/A/401/1,A1 - dimer,F1 - original-I222,1a - fa1840/A/401,1 - fa1840/A/401/1,F1a - fa1163/A/401,A1 - dimer,F1 - original-I222,fa2047a,True
fa2047b,FATAATA-x2047_B_401_v1,FATAATA-x2047,Z73240835,Cc1csc(NC(=O)C2CCOCC2)n1,FATAATA-x1840/A/111/A_v1,False,1a - FATAATA-x1840/A/401,1 - FATAATA-x1840/A/401/1,F1a - FATAATA-x1163/A/401/1,A1 - dimer,F1 - original-I222,1a - fa1840/A/401,1 - fa1840/A/401/1,F1a - fa1163/A/401,A1 - dimer,F1 - original-I222,fa2047a,True
fa2053a,FATAATA-x2053_A_361_v1,FATAATA-x2053,Z751811134,CN(C)S(=O)(=O)c1cccnc1,FATAATA-x1840/A/111/A_v1,False,1a - FATAATA-x1840/A/401,1 - FATAATA-x1840/A/401/1,F1a - FATAATA-x1163/A/401/1,A1 - dimer,F1 - original-I222,1a - fa1840/A/401,1 - fa1840/A/401/1,F1a - fa1163/A/401,A1 - dimer,F1 - original-I222,fa2053a,True
fa2053b,FATAATA-x2053_B_360_v1,FATAATA-x2053,Z751811134,CN(C)S(=O)(=O)c1cccnc1,FATAATA-x1840/A/111/A_v1,False,1a - FATAATA-x1840/A/401,1 - FATAATA-x1840/A/401/1,F1a - FATAATA-x1163/A/401/1,A1 - dimer,F1 - original-I222,1a - fa1840/A/401,1 - fa1840/A/401/1,F1a - fa1163/A/401,A1 - dimer,F1 - original-I222,fa2053a,True
fa2057a,FATAATA-x2057_A_401_v1,FATAATA-x2057,Z760048004,Cc1cccc(NC(=O)[C@@H]2CCCN2)n1,FATAATA-x1985/A/195/A_v1,False,3a - FATAATA-x1985/A/360,3 - FATAATA-x1985/A/360/1,F1c - FATAATA-x1184/A/401/1,A1 - dimer,F1 - original-I222,3a - fa1985/A/360,3 - fa1985/A/360/1,F1c - fa1184/A/401,A1 - dimer,F1 - original-I222,fa2057a,True
fa2057b,FATAATA-x2057_B_360_v1,FATAATA-x2057,Z760048004,Cc1cccc(NC(=O)[C@@H]2CCCN2)n1,FATAATA-x1985/A/195/A_v1,False,3a - FATAATA-x1985/A/360,3 - FATAATA-x1985/A/360/1,F1c - FATAATA-x1184/A/401/1,A1 - dimer,F1 - original-I222,3a - fa1985/A/360,3 - fa1985/A/360/1,F1c - fa1184/A/401,A1 - dimer,F1 - original-I222,fa2057a,True
fa2059a,FATAATA-x2059_A_360_v1,FATAATA-x2059,Z768399682,C[C@@H]1CN(C(=O)c2cnsn2)[C@H](C)CO1,FATAATA-x1840/A/111/A_v1,False,1a - FATAATA-x1840/A/401,1 - FATAATA-x1840/A/401/1,F1a - FATAATA-x1163/A/401/1,A1 - dimer,F1 - original-I222,1a - fa1840/A/401,1 - fa1840/A/401/1,F1a - fa1163/A/401,A1 - dimer,F1 - original-I222,fa2059a,True
fa2059b,FATAATA-x2059_B_401_v1,FATAATA-x2059,Z768399682,C[C@@H]1CN(C(=O)c2cnsn2)[C@H](C)CO1,FATAATA-x1840/A/111/A_v1,False,1a - FATAATA-x1840/A/401,1 - FATAATA-x1840/A/401/1,F1a - FATAATA-x1163/A/401/1,A1 - dimer,F1 - original-I222,1a - fa1840/A/401,1 - fa1840/A/401/1,F1a - fa1163/A/401,A1 - dimer,F1 - original-I222,fa2059a,True
fa2062a,FATAATA-x2062_A_361_v1,FATAATA-x2062,Z802821712,CCNc1ccc(C)nn1,FATAATA-x1840/A/111/A_v1,False,1a - FATAATA-x1840/A/401,1 - FATAATA-x1840/A/401/1,F1a - FATAATA-x1163/A/401/1,A1 - dimer,F1 - original-I222,1a - fa1840/A/401,1 - fa1840/A/401/1,F1a - fa1163/A/401,A1 - dimer,F1 - original-I222,fa2062a,True
fa2062b,FATAATA-x2062_B_360_v1,FATAATA-x2062,Z802821712,CCNc1ccc(C)nn1,FATAATA-x1840/A/111/A_v1,False,1a - FATAATA-x1840/A/401,1 - FATAATA-x1840/A/401/1,F1a - FATAATA-x1163/A/401/1,A1 - dimer,F1 - original-I222,1a - fa1840/A/401,1 - fa1840/A/401/1,F1a - fa1163/A/401,A1 - dimer,F1 - original-I222,fa2062a,True
fa2063a,FATAATA-x2063_A_401_v1,FATAATA-x2063,Z802824098,Fc1ccc(NC2CCOCC2)nc1,FATAATA-x1840/A/111/A_v1,False,1a - FATAATA-x1840/A/401,1 - FATAATA-x1840/A/401/1,F1a - FATAATA-x1163/A/401/1,A1 - dimer,F1 - original-I222,1a - fa1840/A/401,1 - fa1840/A/401/1,F1a - fa1163/A/401,A1 - dimer,F1 - original-I222,fa2063a,True
fa2063b,FATAATA-x2063_B_401_v1,FATAATA-x2063,Z802824098,Fc1ccc(NC2CCOCC2)nc1,FATAATA-x1840/A/111/A_v1,False,1a - FATAATA-x1840/A/401,1 - FATAATA-x1840/A/401/1,F1a - FATAATA-x1163/A/401/1,A1 - dimer,F1 - original-I222,1a - fa1840/A/401,1 - fa1840/A/401/1,F1a - fa1163/A/401,A1 - dimer,F1 - original-I222,fa2063a,True
fa2085a,FATAATA-x2085_A_403_v1,FATAATA-x2085,Z872116736,O=C1NC[C@@H]2CCCCN12,FATAATA-x1317/A/166/A_v1,False,5a - FATAATA-x1317/A/360,5 - FATAATA-x1317/A/360/1,F1e - FATAATA-x1285/B/403/1,A1 - dimer,F1 - original-I222,5a - fa1317/A/360,5 - fa1317/A/360/1,F1e - fa1285/B/403,A1 - dimer,F1 - original-I222,fa2085a,True
fa2085c,FATAATA-x2085_B_402_v1,FATAATA-x2085,Z872116736,O=C1NC[C@@H]2CCCCN12,FATAATA-x1317/A/166/A_v1,False,5a - FATAATA-x1317/A/360,5 - FATAATA-x1317/A/360/1,F1e - FATAATA-x1285/B/403/1,A1 - dimer,F1 - original-I222,5a - fa1317/A/360,5 - fa1317/A/360/1,F1e - fa1285/B/403,A1 - dimer,F1 - original-I222,fa2085a,True
fa2085b,FATAATA-x2085_A_402_v1,FATAATA-x2085,Z872116736,O=C1NC[C@@H]2CCCCN12,FATAATA-x1985/A/195/A_v1,False,3a - FATAATA-x1985/A/360,3 - FATAATA-x1985/A/360/1,F1c - FATAATA-x1184/A/401/1,A1 - dimer,F1 - original-I222,3a - fa1985/A/360,3 - fa1985/A/360/1,F1c - fa1184/A/401,A1 - dimer,F1 - original-I222,fa2085b,True
fa2085d,FATAATA-x2085_B_403_v1,FATAATA-x2085,Z872116736,O=C1NC[C@@H]2CCCCN12,FATAATA-x1985/A/195/A_v1,False,3a - FATAATA-x1985/A/360,3 - FATAATA-x1985/A/360/1,F1c - FATAATA-x1184/A/401/1,A1 - dimer,F1 - original-I222,3a - fa1985/A/360,3 - fa1985/A/360/1,F1c - fa1184/A/401,A1 - dimer,F1 - original-I222,fa2085b,True
fa2099a,FATAATA-x2099_A_501_v1,FATAATA-x2099,Z952016136,Clc1cccc2nc[nH]c12,FATAATA-x1840/A/111/A_v1,False,1a - FATAATA-x1840/A/401,1 - FATAATA-x1840/A/401/1,F1a - FATAATA-x1163/A/401/1,A1 - dimer,F1 - original-I222,1a - fa1840/A/401,1 - fa1840/A/401/1,F1a - fa1163/A/401,A1 - dimer,F1 - original-I222,fa2099a,True
fa2099b,FATAATA-x2099_B_360_v1,FATAATA-x2099,Z952016136,Clc1cccc2nc[nH]c12,FATAATA-x1840/A/111/A_v1,False,1a - FATAATA-x1840/A/401,1 - FATAATA-x1840/A/401/1,F1a - FATAATA-x1163/A/401/1,A1 - dimer,F1 - original-I222,1a - fa1840/A/401,1 - fa1840/A/401/1,F1a - fa1163/A/401,A1 - dimer,F1 - original-I222,fa2099a,True
fa2108a,FATAATA-x2108_A_360_v1,FATAATA-x2108,Z979742720,CC(C)c1nc([C@@H]2CCCN2)no1,FATAATA-x1840/A/111/A_v1,False,1a - FATAATA-x1840/A/401,1 - FATAATA-x1840/A/401/1,F1a - FATAATA-x1163/A/401/1,A1 - dimer,F1 - original-I222,1a - fa1840/A/401,1 - fa1840/A/401/1,F1a - fa1163/A/401,A1 - dimer,F1 - original-I222,fa2108a,True
fa2110a,FATAATA-x2110_A_401_v1,FATAATA-x2110,Z979770898,NC(=O)[C@@H](O)C1CCOCC1,FATAATA-x1840/A/111/A_v1,False,1a - FATAATA-x1840/A/401,1 - FATAATA-x1840/A/401/1,F1a - FATAATA-x1163/A/401/1,A1 - dimer,F1 - original-I222,1a - fa1840/A/401,1 - fa1840/A/401/1,F1a - fa1163/A/401,A1 - dimer,F1 - original-I222,fa2110a,True
fa2110b,FATAATA-x2110_B_360_v1,FATAATA-x2110,Z979770898,NC(=O)[C@@H](O)C1CCOCC1,FATAATA-x1840/A/111/A_v1,False,1a - FATAATA-x1840/A/401,1 - FATAATA-x1840/A/401/1,F1a - FATAATA-x1163/A/401/1,A1 - dimer,F1 - original-I222,1a - fa1840/A/401,1 - fa1840/A/401/1,F1a - fa1163/A/401,A1 - dimer,F1 - original-I222,fa2110a,True
